dataset,id,backbone,condition,kind,param,acc_mean,acc_sd,n_seed
flowers102,S1,ResNet-50,clean,clean,0,0.8491787282484957,0.003089077266699313,5
flowers102,S1,ResNet-50,grayscale,grayscale,,0.49874776386404296,0.01730992271281907,5
flowers102,S1,ResNet-50,hue_+0.083,hue,0.083,0.7586274190925353,0.012805037195506299,5
flowers102,S1,ResNet-50,hue_+0.250,hue,0.25,0.5584973166368515,0.014605503705656393,5
flowers102,S1,ResNet-50,hue_+0.500,hue,0.5,0.5185558627419092,0.01845509754147583,5
flowers102,S1,ResNet-50,hue_-0.083,hue,-0.083,0.7766791348186698,0.007244163264325738,5
flowers102,S1,ResNet-50,hue_-0.250,hue,-0.25,0.5436005854610506,0.014230931825386199,5
flowers102,S1,ResNet-50,hue_-0.500,hue,-0.5,0.5185558627419092,0.01845509754147583,5
flowers102,S1,ResNet-50,quant_16,quant,16,0.7840624491787282,0.01896950298994448,5
flowers102,S1,ResNet-50,quant_2,quant,2,0.08723369653602205,0.08930469863078805,5
flowers102,S1,ResNet-50,quant_4,quant,4,0.508212717515043,0.07495584007278148,5
flowers102,S1,ResNet-50,quant_8,quant,8,0.6970564319401529,0.03697087256545371,5
flowers102,S1,ResNet-50,shuffle_021,shuffle,"(0, 2, 1)",0.6478777036916572,0.015645462680574908,5
flowers102,S1,ResNet-50,shuffle_102,shuffle,"(1, 0, 2)",0.6944218572125549,0.019772858151724935,5
flowers102,S1,ResNet-50,shuffle_120,shuffle,"(1, 2, 0)",0.5140673280208163,0.016128900657950817,5
flowers102,S1,ResNet-50,shuffle_201,shuffle,"(2, 0, 1)",0.5520572450805009,0.019476570095492977,5
flowers102,S1,ResNet-50,shuffle_210,shuffle,"(2, 1, 0)",0.5409009595056107,0.015232443349711947,5
flowers102,S2,ConvNeXt-T,clean,clean,0,0.9296145714750365,0.005367219086666247,5
flowers102,S2,ConvNeXt-T,grayscale,grayscale,,0.67601235973329,0.0220468726591694,5
flowers102,S2,ConvNeXt-T,hue_+0.083,hue,0.083,0.8633273703041147,0.015098420111365632,5
flowers102,S2,ConvNeXt-T,hue_+0.250,hue,0.25,0.7019027484143763,0.03973719625555338,5
flowers102,S2,ConvNeXt-T,hue_+0.500,hue,0.5,0.716148967311758,0.05071918189736042,5
flowers102,S2,ConvNeXt-T,hue_-0.083,hue,-0.083,0.8663847780126851,0.013406018808006707,5
flowers102,S2,ConvNeXt-T,hue_-0.250,hue,-0.25,0.6004228329809725,0.05144383678626426,5
flowers102,S2,ConvNeXt-T,hue_-0.500,hue,-0.5,0.716148967311758,0.05071918189736042,5
flowers102,S2,ConvNeXt-T,quant_16,quant,16,0.9057732964709709,0.009069777793829593,5
flowers102,S2,ConvNeXt-T,quant_2,quant,2,0.6536672629695885,0.025079178280635526,5
flowers102,S2,ConvNeXt-T,quant_4,quant,4,0.777297121483168,0.030249826425913423,5
flowers102,S2,ConvNeXt-T,quant_8,quant,8,0.8388681086355506,0.03459019140026348,5
flowers102,S2,ConvNeXt-T,shuffle_021,shuffle,"(0, 2, 1)",0.7296470970889576,0.04564471921464856,5
flowers102,S2,ConvNeXt-T,shuffle_102,shuffle,"(1, 0, 2)",0.8199707269474711,0.026980334941123767,5
flowers102,S2,ConvNeXt-T,shuffle_120,shuffle,"(1, 2, 0)",0.5919661733615221,0.062133394313448186,5
flowers102,S2,ConvNeXt-T,shuffle_201,shuffle,"(2, 0, 1)",0.7042120670027647,0.03814475953856561,5
flowers102,S2,ConvNeXt-T,shuffle_210,shuffle,"(2, 1, 0)",0.7075622052366238,0.054906593771889216,5
flowers102,S3,ViT-S,clean,clean,0,0.8763376158724997,0.005483243587675783,5
flowers102,S3,ViT-S,grayscale,grayscale,,0.34099853634737354,0.01132012861658913,5
flowers102,S3,ViT-S,hue_+0.083,hue,0.083,0.7204098227354041,0.023324630046131493,5
flowers102,S3,ViT-S,hue_+0.250,hue,0.25,0.37511790535046347,0.010156510304131066,5
flowers102,S3,ViT-S,hue_+0.500,hue,0.5,0.44758497316636847,0.02091538605966057,5
flowers102,S3,ViT-S,hue_-0.083,hue,-0.083,0.717970401691332,0.014039993107872836,5
flowers102,S3,ViT-S,hue_-0.250,hue,-0.25,0.31813302976093666,0.008677697253729846,5
flowers102,S3,ViT-S,hue_-0.500,hue,-0.5,0.4476500243942104,0.020881596125555034,5
flowers102,S3,ViT-S,quant_16,quant,16,0.860204911367702,0.006539185497675855,5
flowers102,S3,ViT-S,quant_2,quant,2,0.0751666937713449,0.007344777684927202,5
flowers102,S3,ViT-S,quant_4,quant,4,0.6512603675394374,0.0192326515671475,5
flowers102,S3,ViT-S,quant_8,quant,8,0.8125223613595706,0.01091087705329294,5
flowers102,S3,ViT-S,shuffle_021,shuffle,"(0, 2, 1)",0.46270938363961617,0.01615650736682079,5
flowers102,S3,ViT-S,shuffle_102,shuffle,"(1, 0, 2)",0.5457147503659131,0.03732847395171566,5
flowers102,S3,ViT-S,shuffle_120,shuffle,"(1, 2, 0)",0.33088307041795406,0.0038905175604391027,5
flowers102,S3,ViT-S,shuffle_201,shuffle,"(2, 0, 1)",0.3687754106358757,0.01687990055704321,5
flowers102,S3,ViT-S,shuffle_210,shuffle,"(2, 1, 0)",0.4782891527077574,0.02338312283945445,5
flowers102,S4,Swin-T,clean,clean,0,0.9364774760123596,0.0031777042073058244,5
flowers102,S4,Swin-T,grayscale,grayscale,,0.6520735078874613,0.0248973961159067,5
flowers102,S4,Swin-T,hue_+0.083,hue,0.083,0.8606277443486745,0.005657026225703718,5
flowers102,S4,Swin-T,hue_+0.250,hue,0.25,0.6532119043746951,0.0066832024496267985,5
flowers102,S4,Swin-T,hue_+0.500,hue,0.5,0.6946820621239225,0.012241800258672123,5
flowers102,S4,Swin-T,hue_-0.083,hue,-0.083,0.8624817043421695,0.0017688372653997162,5
flowers102,S4,Swin-T,hue_-0.250,hue,-0.25,0.5547893966498618,0.021499098654116606,5
flowers102,S4,Swin-T,hue_-0.500,hue,-0.5,0.6946820621239225,0.012241800258672123,5
flowers102,S4,Swin-T,quant_16,quant,16,0.9188485932671979,0.005666368967371719,5
flowers102,S4,Swin-T,quant_2,quant,2,0.6892502845991219,0.01227944236926667,5
flowers102,S4,Swin-T,quant_4,quant,4,0.8276792974467394,0.007245258458717753,5
flowers102,S4,Swin-T,quant_8,quant,8,0.8914945519596682,0.005811991385116786,5
flowers102,S4,Swin-T,shuffle_021,shuffle,"(0, 2, 1)",0.6777362172711009,0.026630464333913476,5
flowers102,S4,Swin-T,shuffle_102,shuffle,"(1, 0, 2)",0.8008781915758659,0.02297451752717483,5
flowers102,S4,Swin-T,shuffle_120,shuffle,"(1, 2, 0)",0.5503984387705317,0.024625563096901205,5
flowers102,S4,Swin-T,shuffle_201,shuffle,"(2, 0, 1)",0.6600097576841764,0.015520802414557267,5
flowers102,S4,Swin-T,shuffle_210,shuffle,"(2, 1, 0)",0.6907139372255651,0.024023694551456247,5
cub200,S1,ResNet-50,clean,clean,0,0.7872626855367622,0.0029049910345075513,5
cub200,S1,ResNet-50,grayscale,grayscale,,0.37124611667241975,0.008274538160419799,5
cub200,S1,ResNet-50,hue_+0.083,hue,0.083,0.5676216775975147,0.00743690746673236,5
cub200,S1,ResNet-50,hue_+0.250,hue,0.25,0.3379357956506731,0.013674607503877365,5
cub200,S1,ResNet-50,hue_+0.500,hue,0.5,0.3820503969623748,0.0036050734345284287,5
cub200,S1,ResNet-50,hue_-0.083,hue,-0.083,0.5351743182602693,0.007916139021874326,5
cub200,S1,ResNet-50,hue_-0.250,hue,-0.25,0.37921988263721085,0.00735433749318833,5
cub200,S1,ResNet-50,hue_-0.500,hue,-0.5,0.3820503969623748,0.0036050734345284287,5
cub200,S1,ResNet-50,quant_16,quant,16,0.7703831549879185,0.0037607707835594813,5
cub200,S1,ResNet-50,quant_2,quant,2,0.2003451846738004,0.02492313424484884,5
cub200,S1,ResNet-50,quant_4,quant,4,0.5787021056265101,0.006113034431627507,5
cub200,S1,ResNet-50,quant_8,quant,8,0.7316189161201242,0.006819035645543151,5
cub200,S1,ResNet-50,shuffle_021,shuffle,"(0, 2, 1)",0.4803244735933724,0.01276833395801288,5
cub200,S1,ResNet-50,shuffle_102,shuffle,"(1, 0, 2)",0.4761822575077666,0.010869207106547325,5
cub200,S1,ResNet-50,shuffle_120,shuffle,"(1, 2, 0)",0.3559544356230583,0.008346762413830776,5
cub200,S1,ResNet-50,shuffle_201,shuffle,"(2, 0, 1)",0.3335519502934069,0.01147680642997501,5
cub200,S1,ResNet-50,shuffle_210,shuffle,"(2, 1, 0)",0.38073869520193304,0.002875100319115938,5
cub200,S2,ConvNeXt-T,clean,clean,0,0.8374525371073525,0.003407114368594137,5
cub200,S2,ConvNeXt-T,grayscale,grayscale,,0.4210907835692095,0.003708527009900555,5
cub200,S2,ConvNeXt-T,hue_+0.083,hue,0.083,0.6102865032792544,0.010843826953710585,5
cub200,S2,ConvNeXt-T,hue_+0.250,hue,0.25,0.41353123921297896,0.012322536872422383,5
cub200,S2,ConvNeXt-T,hue_+0.500,hue,0.5,0.4304452882292026,0.016144073527571332,5
cub200,S2,ConvNeXt-T,hue_-0.083,hue,-0.083,0.5721781152916809,0.009923984331333716,5
cub200,S2,ConvNeXt-T,hue_-0.250,hue,-0.25,0.44639282015878495,0.011352850519989709,5
cub200,S2,ConvNeXt-T,hue_-0.500,hue,-0.5,0.4304452882292026,0.016144073527571332,5
cub200,S2,ConvNeXt-T,quant_16,quant,16,0.8159475319295822,0.004171953433624577,5
cub200,S2,ConvNeXt-T,quant_2,quant,2,0.49955125992405935,0.009605348917966754,5
cub200,S2,ConvNeXt-T,quant_4,quant,4,0.6245426303072144,0.009756887676888495,5
cub200,S2,ConvNeXt-T,quant_8,quant,8,0.7623403520883673,0.0032104030441384487,5
cub200,S2,ConvNeXt-T,shuffle_021,shuffle,"(0, 2, 1)",0.5713151536071799,0.01060663815737948,5
cub200,S2,ConvNeXt-T,shuffle_102,shuffle,"(1, 0, 2)",0.5500517777010702,0.017585795614754506,5
cub200,S2,ConvNeXt-T,shuffle_120,shuffle,"(1, 2, 0)",0.3853641698308595,0.008116795759865056,5
cub200,S2,ConvNeXt-T,shuffle_201,shuffle,"(2, 0, 1)",0.3825681739730756,0.007929486277711428,5
cub200,S2,ConvNeXt-T,shuffle_210,shuffle,"(2, 1, 0)",0.3887124611667242,0.0057156474220912195,5
cub200,S3,ViT-S,clean,clean,0,0.7951328960994132,0.005249190999566993,5
cub200,S3,ViT-S,grayscale,grayscale,,0.29799792889195714,0.009280429741989756,5
cub200,S3,ViT-S,hue_+0.083,hue,0.083,0.5166033828098033,0.006123258939832698,5
cub200,S3,ViT-S,hue_+0.250,hue,0.25,0.26475664480497063,0.0109211543110503,5
cub200,S3,ViT-S,hue_+0.500,hue,0.5,0.31891612012426646,0.017821945214148798,5
cub200,S3,ViT-S,hue_-0.083,hue,-0.083,0.4802209181912323,0.014440420344686395,5
cub200,S3,ViT-S,hue_-0.250,hue,-0.25,0.25982050396962375,0.0061441417489466015,5
cub200,S3,ViT-S,hue_-0.500,hue,-0.5,0.31891612012426646,0.017821945214148798,5
cub200,S3,ViT-S,quant_16,quant,16,0.7876423886779427,0.005197293763235199,5
cub200,S3,ViT-S,quant_2,quant,2,0.03534691059716944,0.002901913169223965,5
cub200,S3,ViT-S,quant_4,quant,4,0.5395581636175354,0.01304951016818448,5
cub200,S3,ViT-S,quant_8,quant,8,0.7415947531929582,0.007090373845916714,5
cub200,S3,ViT-S,shuffle_021,shuffle,"(0, 2, 1)",0.376423886779427,0.008536780584754051,5
cub200,S3,ViT-S,shuffle_102,shuffle,"(1, 0, 2)",0.4253710735243355,0.007245384367699815,5
cub200,S3,ViT-S,shuffle_120,shuffle,"(1, 2, 0)",0.2496030376251294,0.006153588504173777,5
cub200,S3,ViT-S,shuffle_201,shuffle,"(2, 0, 1)",0.2498791853641698,0.014390206299913045,5
cub200,S3,ViT-S,shuffle_210,shuffle,"(2, 1, 0)",0.3023127373144632,0.015177629190617492,5
cub200,S4,Swin-T,clean,clean,0,0.8467725232999654,0.0035651912384440567,5
cub200,S4,Swin-T,grayscale,grayscale,,0.4170521228857439,0.020501688604875303,5
cub200,S4,Swin-T,hue_+0.083,hue,0.083,0.6353814290645495,0.004729156009196549,5
cub200,S4,Swin-T,hue_+0.250,hue,0.25,0.40155333103210217,0.02052455995304427,5
cub200,S4,Swin-T,hue_+0.500,hue,0.5,0.41877804625474624,0.01197969863038149,5
cub200,S4,Swin-T,hue_-0.083,hue,-0.083,0.5892647566448049,0.006403850215731935,5
cub200,S4,Swin-T,hue_-0.250,hue,-0.25,0.4177770107007248,0.018627423254983778,5
cub200,S4,Swin-T,hue_-0.500,hue,-0.5,0.41877804625474624,0.01197969863038149,5
cub200,S4,Swin-T,quant_16,quant,16,0.8282015878494995,0.002805886442854068,5
cub200,S4,Swin-T,quant_2,quant,2,0.47469796341042453,0.016097693831814638,5
cub200,S4,Swin-T,quant_4,quant,4,0.6488436313427683,0.005360930247377875,5
cub200,S4,Swin-T,quant_8,quant,8,0.7804280289955126,0.006392210651390259,5
cub200,S4,Swin-T,shuffle_021,shuffle,"(0, 2, 1)",0.5174318260269244,0.02253536497218027,5
cub200,S4,Swin-T,shuffle_102,shuffle,"(1, 0, 2)",0.5305488436313428,0.013065821278073946,5
cub200,S4,Swin-T,shuffle_120,shuffle,"(1, 2, 0)",0.384984466689679,0.013732537890048996,5
cub200,S4,Swin-T,shuffle_201,shuffle,"(2, 0, 1)",0.37003797031411806,0.011629189180478438,5
cub200,S4,Swin-T,shuffle_210,shuffle,"(2, 1, 0)",0.3895409043838453,0.007155820656412808,5
