dataset,id,backbone,arm,y_true,n_img,n_seed,clean_mean,clean_sd,gray_mean,gray_sd,CR_mean,CR_sd
flowers102,S1,ResNet-50,resnet50,0,20,5,0.93,0.04472135954999577,0.63,0.16807736313971608,0.3,0.17677669529663684
flowers102,S1,ResNet-50,resnet50,1,40,5,0.925,0.017677669529663664,0.8949999999999999,0.020916500663351906,0.030000000000000006,0.011180339887498971
flowers102,S1,ResNet-50,resnet50,2,20,5,0.47000000000000003,0.0273861278752583,0.45999999999999996,0.11937336386313323,0.009999999999999998,0.12942179105544785
flowers102,S1,ResNet-50,resnet50,3,36,5,0.4,0.07243558228002943,0.24444444444444446,0.04564354645876385,0.15555555555555556,0.08002700161604408
flowers102,S1,ResNet-50,resnet50,4,45,5,0.8177777777777777,0.05533288710217214,0.017777777777777778,0.03975231959999626,0.8,0.09162456945817024
flowers102,S1,ResNet-50,resnet50,5,25,5,0.96,0.0,0.8,0.05656854249492379,0.15999999999999998,0.056568542494923796
flowers102,S1,ResNet-50,resnet50,6,20,5,0.95,0.0,0.9,0.03535533905932737,0.049999999999999954,0.03535533905932737
flowers102,S1,ResNet-50,resnet50,7,65,5,1.0,0.0,0.8800000000000001,0.06380443493331608,0.12,0.06380443493331607
flowers102,S1,ResNet-50,resnet50,8,26,5,0.9076923076923077,0.043852900965351486,0.38461538461538464,0.06081303192631499,0.5230769230769231,0.10029542161850233
flowers102,S1,ResNet-50,resnet50,9,25,5,0.984,0.03577708763999662,0.968,0.017888543819998333,0.016000000000000035,0.035777087639996624
flowers102,S1,ResNet-50,resnet50,10,67,5,0.5731343283582089,0.040326137570466554,0.32537313432835824,0.05422657350622373,0.2477611940298507,0.05644080716772846
flowers102,S1,ResNet-50,resnet50,11,67,5,0.9402985074626866,0.010553832555023089,0.6985074626865672,0.1482804084420274,0.24179104477611943,0.13937453767079108
flowers102,S1,ResNet-50,resnet50,12,29,5,1.0,0.0,0.8758620689655172,0.04626347539654738,0.12413793103448276,0.04626347539654737
flowers102,S1,ResNet-50,resnet50,13,28,5,0.9714285714285715,0.01597191412499849,1.0,0.0,-0.02857142857142856,0.01597191412499849
flowers102,S1,ResNet-50,resnet50,14,29,5,0.9862068965517242,0.01888698474155743,0.26206896551724135,0.08304547985373996,0.7241379310344828,0.09443492370778724
flowers102,S1,ResNet-50,resnet50,15,21,5,0.9142857142857143,0.021295885499997967,0.0,0.0,0.9142857142857143,0.021295885499997967
flowers102,S1,ResNet-50,resnet50,16,65,5,0.9723076923076924,0.012871692715908862,0.8430769230769231,0.04405483404085034,0.12923076923076926,0.040118168647400934
flowers102,S1,ResNet-50,resnet50,17,62,5,0.8483870967741935,0.018389926211276404,0.7774193548387096,0.08863633331634893,0.07096774193548391,0.09166627250569562
flowers102,S1,ResNet-50,resnet50,18,29,5,0.8068965517241379,0.04626347539654738,0.6413793103448275,0.06264104180891363,0.16551724137931031,0.06632891055748741
flowers102,S1,ResNet-50,resnet50,19,36,5,0.8166666666666667,0.0541488574711609,0.7722222222222223,0.06022078719077447,0.04444444444444444,0.05414885747116092
flowers102,S1,ResNet-50,resnet50,20,20,5,0.8300000000000001,0.04472135954999579,0.39,0.13874436925511607,0.44000000000000006,0.1781852968120546
flowers102,S1,ResNet-50,resnet50,21,39,5,0.9025641025641026,0.03343180720616745,0.8512820512820513,0.0555884189453303,0.05128205128205132,0.04054202128421002
flowers102,S1,ResNet-50,resnet50,22,71,5,0.8507042253521127,0.032424970234426295,0.8,0.030534483646026494,0.05070422535211268,0.016058808804213218
flowers102,S1,ResNet-50,resnet50,23,22,5,0.9272727272727274,0.040655781409087106,0.4636363636363637,0.07468943965979535,0.4636363636363637,0.10365231137264891
flowers102,S1,ResNet-50,resnet50,24,21,5,0.980952380952381,0.02608202654786508,0.8476190476190476,0.062087641954310956,0.13333333333333333,0.03984095364447979
flowers102,S1,ResNet-50,resnet50,25,21,5,0.8666666666666666,0.07824607964359516,0.009523809523809523,0.021295885499997995,0.8571428571428571,0.09523809523809525
flowers102,S1,ResNet-50,resnet50,26,20,5,1.0,0.0,0.62,0.13509256086106297,0.38,0.13509256086106297
flowers102,S1,ResNet-50,resnet50,27,46,5,0.9347826086956521,0.034372583262699805,0.21304347826086953,0.04181605230798117,0.7217391304347827,0.04957284456952772
flowers102,S1,ResNet-50,resnet50,28,58,5,0.9379310344827587,0.023131737698273678,0.4793103448275862,0.08304547985373996,0.45862068965517244,0.0786327879378716
flowers102,S1,ResNet-50,resnet50,29,65,5,0.6492307692307693,0.055895083460261404,0.316923076923077,0.10297354172727084,0.3323076923076923,0.06845721680395997
flowers102,S1,ResNet-50,resnet50,30,32,5,0.83125,0.01711632992203644,0.26875,0.14757148691396993,0.5625,0.14490028899212037
flowers102,S1,ResNet-50,resnet50,31,25,5,0.808,0.05215361924162118,0.8240000000000001,0.10807404868885037,-0.015999999999999993,0.12837445228704972
flowers102,S1,ResNet-50,resnet50,32,26,5,0.9153846153846154,0.03217923178977217,0.876923076923077,0.04213250442347432,0.03846153846153848,0.07195494974565275
flowers102,S1,ResNet-50,resnet50,33,20,5,0.99,0.022360679774997918,0.71,0.10839741694339401,0.27999999999999997,0.09746794344808964
flowers102,S1,ResNet-50,resnet50,34,23,5,0.9304347826086957,0.09015844066664225,0.9130434782608695,0.05324977701702562,0.017391304347826098,0.0583322081086902
flowers102,S1,ResNet-50,resnet50,35,55,5,0.8327272727272728,0.04706246947470827,0.8799999999999999,0.016262312563634838,-0.047272727272727244,0.037702620642413996
flowers102,S1,ResNet-50,resnet50,36,88,5,0.9863636363636363,0.005081972676135881,0.9363636363636363,0.04297197818452056,0.05,0.039853813447159527
flowers102,S1,ResNet-50,resnet50,37,36,5,0.9388888888888889,0.036217791140014735,0.85,0.04648111258522639,0.08888888888888886,0.06631853547951845
flowers102,S1,ResNet-50,resnet50,38,21,5,0.6190476190476191,0.07529232524210426,0.4,0.1800730514398956,0.21904761904761907,0.18007305143989558
flowers102,S1,ResNet-50,resnet50,39,47,5,0.7531914893617021,0.04661468574512051,0.43404255319148943,0.10911388429751565,0.3191489361702128,0.08101886282833946
flowers102,S1,ResNet-50,resnet50,40,107,5,0.908411214953271,0.020261199428671776,0.5906542056074766,0.16016521298142186,0.3177570093457944,0.16665938785165424
flowers102,S1,ResNet-50,resnet50,41,39,5,0.9282051282051282,0.05254846546645947,0.19487179487179487,0.10817960569091789,0.7333333333333334,0.12243421934680326
flowers102,S1,ResNet-50,resnet50,42,110,5,0.5763636363636364,0.041460924549059565,0.22545454545454544,0.100288839058339,0.3509090909090909,0.08686457589520913
flowers102,S1,ResNet-50,resnet50,43,73,5,0.9671232876712329,0.015618841439714207,0.4767123287671232,0.12973984101426386,0.4904109589041096,0.1256993944871722
flowers102,S1,ResNet-50,resnet50,44,20,5,0.8800000000000001,0.04472135954999579,0.8300000000000001,0.057008771254956896,0.049999999999999975,0.0790569415042095
flowers102,S1,ResNet-50,resnet50,45,176,5,0.8693181818181819,0.026345507089476423,0.0011363636363636363,0.002540986338067943,0.8681818181818182,0.024239464781479
flowers102,S1,ResNet-50,resnet50,46,47,5,1.0,0.0,0.20425531914893616,0.16245624824528573,0.7957446808510639,0.16245624824528576
flowers102,S1,ResNet-50,resnet50,47,51,5,0.968627450980392,0.01753778805882186,0.06666666666666667,0.056489648199560524,0.9019607843137255,0.04598446823356304
flowers102,S1,ResNet-50,resnet50,48,29,5,1.0,0.0,0.9379310344827587,0.04496001658760452,0.06206896551724137,0.04496001658760452
flowers102,S1,ResNet-50,resnet50,49,72,5,0.9361111111111111,0.034860834438919845,0.35277777777777775,0.0515949322805742,0.5833333333333333,0.07733006059486146
flowers102,S1,ResNet-50,resnet50,50,238,5,0.5428571428571429,0.01555189539774936,0.4798319327731092,0.12102736779499297,0.06302521008403363,0.11024909044875564
flowers102,S1,ResNet-50,resnet50,51,65,5,0.9784615384615385,0.017541160386140574,0.9015384615384615,0.031902217466658056,0.07692307692307694,0.028781979898261076
flowers102,S1,ResNet-50,resnet50,52,73,5,0.5698630136986301,0.057794583862271175,0.06027397260273972,0.06247536575885687,0.5095890410958904,0.015006097465894977
flowers102,S1,ResNet-50,resnet50,53,41,5,0.9853658536585366,0.013359086768418698,0.7560975609756098,0.024390243902439046,0.2292682926829268,0.0278091567097351
flowers102,S1,ResNet-50,resnet50,54,51,5,0.9490196078431372,0.022356380884296832,0.49411764705882355,0.1318253828546793,0.4549019607843137,0.15276510730025458
flowers102,S1,ResNet-50,resnet50,55,89,5,0.9797752808988763,0.009400674455439033,0.07191011235955055,0.06434975758775889,0.9078651685393258,0.06522663044359545
flowers102,S1,ResNet-50,resnet50,56,47,5,0.9276595744680851,0.024259051597854034,0.9531914893617021,0.027741286830649563,-0.025531914893617037,0.01780127716029948
flowers102,S1,ResNet-50,resnet50,57,94,5,0.9851063829787234,0.005826835718140104,0.00851063829787234,0.019030365765955657,0.9765957446808511,0.017480507154420174
flowers102,S1,ResNet-50,resnet50,58,47,5,0.9914893617021276,0.011653671436280147,0.01702127659574468,0.027741286830649567,0.9744680851063829,0.03806073153191133
flowers102,S1,ResNet-50,resnet50,59,89,5,0.9820224719101123,0.006154186039383903,0.6112359550561798,0.12627334019852854,0.37078651685393255,0.1300655831774183
flowers102,S1,ResNet-50,resnet50,60,30,5,0.9400000000000001,0.036514837167011066,0.29333333333333333,0.2241031508529548,0.6466666666666667,0.21421692017412838
flowers102,S1,ResNet-50,resnet50,61,35,5,0.7714285714285715,0.0,0.17714285714285713,0.03129843185743806,0.5942857142857143,0.031298431857438046
flowers102,S1,ResNet-50,resnet50,62,34,5,0.9705882352941175,1.2412670766236366e-16,0.1764705882352941,0.27275348516163833,0.7941176470588236,0.2727534851616384
flowers102,S1,ResNet-50,resnet50,63,32,5,0.99375,0.013975424859373685,0.96875,0.04419417382415922,0.025,0.04074501503251656
flowers102,S1,ResNet-50,resnet50,64,82,5,0.875609756097561,0.03798149146926207,0.1878048780487805,0.07245585745128268,0.6878048780487804,0.08903274267533652
flowers102,S1,ResNet-50,resnet50,65,41,5,1.0,0.0,0.9365853658536585,0.027809156709735043,0.06341463414634145,0.027809156709735047
flowers102,S1,ResNet-50,resnet50,66,22,5,0.6,0.08743356391668794,0.5363636363636364,0.08131156281817419,0.06363636363636364,0.13483997249264845
flowers102,S1,ResNet-50,resnet50,67,34,5,0.8823529411764707,0.02941176470588236,0.8,0.076130465326734,0.08235294117647056,0.08161433485595061
flowers102,S1,ResNet-50,resnet50,68,34,5,0.9941176470588236,0.013153341044116413,0.6352941176470589,0.0847344722993408,0.35882352941176465,0.08161433485595065
flowers102,S1,ResNet-50,resnet50,69,42,5,0.980952380952381,0.019920476822239915,0.5047619047619047,0.10567781438653405,0.47619047619047616,0.09373818897633106
flowers102,S1,ResNet-50,resnet50,70,58,5,0.9965517241379309,0.0077105792327579106,0.5655172413793104,0.27998004005636606,0.43103448275862066,0.2840906388497256
flowers102,S1,ResNet-50,resnet50,71,76,5,0.8236842105263158,0.01500230822498863,0.20789473684210527,0.10542750328426384,0.6157894736842106,0.09368938483641003
flowers102,S1,ResNet-50,resnet50,72,174,5,0.9080459770114941,0.026336641925033603,0.6931034482758621,0.06597941443018926,0.21494252873563222,0.0619784354691628
flowers102,S1,ResNet-50,resnet50,73,151,5,0.590728476821192,0.062018727250029965,0.06357615894039735,0.055526553155641284,0.5271523178807946,0.050997677637558844
flowers102,S1,ResNet-50,resnet50,74,100,5,0.8939999999999999,0.03911521443121588,0.702,0.11031772296417286,0.192,0.09833615815151615
flowers102,S1,ResNet-50,resnet50,75,87,5,0.7540229885057471,0.04711241731475681,0.7609195402298851,0.07057508704831611,-0.006896551724137945,0.10646929817847739
flowers102,S1,ResNet-50,resnet50,76,231,5,0.9134199134199135,0.011855466612665927,0.9108225108225108,0.0244118998785657,0.0025974025974025983,0.027310494018333357
flowers102,S1,ResNet-50,resnet50,77,117,5,0.8307692307692308,0.033866004711382826,0.7435897435897436,0.06996028010147391,0.08717948717948718,0.07135600500766426
flowers102,S1,ResNet-50,resnet50,78,21,5,1.0,0.0,0.9714285714285713,0.02608202654786508,0.028571428571428602,0.026082026547865084
flowers102,S1,ResNet-50,resnet50,79,85,5,0.9576470588235294,0.03489975758633255,0.44000000000000006,0.08669239259736725,0.5176470588235293,0.1055550496760374
flowers102,S1,ResNet-50,resnet50,80,146,5,0.9506849315068493,0.017729012473349032,0.40684931506849314,0.09705747717215535,0.5438356164383562,0.10922456513794886
flowers102,S1,ResNet-50,resnet50,81,92,5,0.7695652173913043,0.0551034428505938,0.6934782608695652,0.09914568913905546,0.07608695652173911,0.07608695652173914
flowers102,S1,ResNet-50,resnet50,82,111,5,0.7153153153153153,0.029606624730008982,0.41441441441441446,0.1254809754701272,0.3009009009009009,0.10184564152117176
flowers102,S1,ResNet-50,resnet50,83,66,5,0.6363636363636364,0.07422696190252055,0.40909090909090906,0.12026142323020865,0.22727272727272724,0.1465081788319221
flowers102,S1,ResNet-50,resnet50,84,43,5,0.9395348837209303,0.012737733895469002,0.32558139534883723,0.13155474998819489,0.6139534883720931,0.1301079137739476
flowers102,S1,ResNet-50,resnet50,85,38,5,0.9368421052631579,0.030004616449977317,0.8473684210526315,0.06811673213444625,0.0894736842105263,0.06058349701695442
flowers102,S1,ResNet-50,resnet50,86,43,5,0.8697674418604651,0.05837162975819129,0.7488372093023256,0.09214703607515791,0.12093023255813953,0.057906509758087164
flowers102,S1,ResNet-50,resnet50,87,134,5,0.755223880597015,0.04582113860599628,0.5791044776119403,0.09992757457474923,0.17611940298507464,0.07398981825639064
flowers102,S1,ResNet-50,resnet50,88,164,5,0.896341463414634,0.03476144588716884,0.01097560975609756,0.015182804387791137,0.8853658536585366,0.03961068724124809
flowers102,S1,ResNet-50,resnet50,89,62,5,0.7483870967741935,0.051763892051229714,0.0,0.0,0.7483870967741935,0.051763892051229714
flowers102,S1,ResNet-50,resnet50,90,56,5,0.7571428571428571,0.058684559732696394,0.3464285714285714,0.08802683959904455,0.41071428571428575,0.11978935593748874
flowers102,S1,ResNet-50,resnet50,91,46,5,0.9652173913043478,0.011907012119677518,0.6434782608695653,0.0955038375499513,0.32173913043478264,0.10009447333235946
flowers102,S1,ResNet-50,resnet50,92,26,5,0.7769230769230769,0.03217923178977216,0.6307692307692309,0.15764539639937844,0.14615384615384613,0.13706561293234967
flowers102,S1,ResNet-50,resnet50,93,142,5,0.9507042253521126,0.01113478049355065,0.8605633802816902,0.060661564696783195,0.0901408450704225,0.05160583369172188
flowers102,S1,ResNet-50,resnet50,94,108,5,0.787037037037037,0.03139967584780216,0.38333333333333336,0.06300379939334813,0.40370370370370373,0.06854353897526572
flowers102,S1,ResNet-50,resnet50,95,71,5,0.476056338028169,0.06928661338731741,0.2028169014084507,0.08004660415990324,0.2732394366197183,0.04838187052765542
flowers102,S1,ResNet-50,resnet50,96,46,5,0.791304347826087,0.03296902366978933,0.1869565217391304,0.08776795320950585,0.6043478260869566,0.09015844066664223
flowers102,S1,ResNet-50,resnet50,97,62,5,0.935483870967742,0.037825933546963154,0.7580645161290323,0.13733376101553552,0.1774193548387097,0.16048184469461615
flowers102,S1,ResNet-50,resnet50,98,43,5,0.8744186046511627,0.0628337492377037,0.586046511627907,0.14927261893842989,0.28837209302325584,0.0938912987822621
flowers102,S1,ResNet-50,resnet50,99,29,5,0.9655172413793103,1.2412670766236366e-16,0.503448275862069,0.31754108781300244,0.46206896551724147,0.31754108781300244
flowers102,S1,ResNet-50,resnet50,100,38,5,0.9105263157894736,0.023537557657892498,0.03684210526315789,0.03000461644997731,0.8736842105263157,0.04707511531578505
flowers102,S1,ResNet-50,resnet50,101,28,5,0.9857142857142858,0.01956151991089878,0.4142857142857143,0.0896421457000795,0.5714285714285714,0.08375742428256122
flowers102,S2,ConvNeXt-T,convnext_tiny_in1k,0,20,5,1.0,0.0,0.93,0.057008771254956896,0.07000000000000002,0.057008771254956896
flowers102,S2,ConvNeXt-T,convnext_tiny_in1k,1,40,5,0.9649999999999999,0.022360679774997918,0.95,0.017677669529663664,0.01499999999999999,0.013693063937629145
flowers102,S2,ConvNeXt-T,convnext_tiny_in1k,2,20,5,0.76,0.10839741694339401,0.51,0.14317821063276354,0.25,0.07905694150420947
flowers102,S2,ConvNeXt-T,convnext_tiny_in1k,3,36,5,0.7222222222222222,0.019641855032959663,0.7222222222222222,0.0809854429839625,-2.2204460492503132e-17,0.07081971546656644
flowers102,S2,ConvNeXt-T,convnext_tiny_in1k,4,45,5,0.9199999999999999,0.02533723166886977,0.11111111111111112,0.08314794192830981,0.8088888888888889,0.08549059582965046
flowers102,S2,ConvNeXt-T,convnext_tiny_in1k,5,25,5,0.984,0.021908902300206663,0.8880000000000001,0.06572670690061992,0.09599999999999997,0.08294576541331089
flowers102,S2,ConvNeXt-T,convnext_tiny_in1k,6,20,5,1.0,0.0,0.8799999999999999,0.1151086443322134,0.12000000000000002,0.11510864433221339
flowers102,S2,ConvNeXt-T,convnext_tiny_in1k,7,65,5,1.0,0.0,0.8892307692307693,0.12230527331908794,0.11076923076923073,0.12230527331908794
flowers102,S2,ConvNeXt-T,convnext_tiny_in1k,8,26,5,0.9384615384615385,0.021066252211737146,0.6307692307692307,0.11080661762221489,0.30769230769230776,0.11213369028548656
flowers102,S2,ConvNeXt-T,convnext_tiny_in1k,9,25,5,1.0,0.0,1.0,0.0,0.0,0.0
flowers102,S2,ConvNeXt-T,convnext_tiny_in1k,10,67,5,0.7522388059701492,0.04790091503248122,0.3044776119402985,0.19563059555595158,0.4477611940298507,0.20273250309262875
flowers102,S2,ConvNeXt-T,convnext_tiny_in1k,11,67,5,0.964179104477612,0.00817496354485325,0.5134328358208955,0.13581269452032627,0.4507462686567164,0.14214410090518365
flowers102,S2,ConvNeXt-T,convnext_tiny_in1k,12,29,5,1.0,0.0,0.993103448275862,0.015421158465515773,0.006896551724137922,0.015421158465515773
flowers102,S2,ConvNeXt-T,convnext_tiny_in1k,13,28,5,0.95,0.01956151991089878,0.9642857142857142,1.2412670766236366e-16,-0.01428571428571428,0.01956151991089878
flowers102,S2,ConvNeXt-T,convnext_tiny_in1k,14,29,5,1.0,0.0,0.19310344827586207,0.1913715438001601,0.8068965517241379,0.19137154380016014
flowers102,S2,ConvNeXt-T,convnext_tiny_in1k,15,21,5,0.9333333333333332,0.05429406786186372,0.009523809523809523,0.021295885499997995,0.9238095238095237,0.07221786137191952
flowers102,S2,ConvNeXt-T,convnext_tiny_in1k,16,65,5,0.9876923076923078,0.00688020916153779,0.8492307692307692,0.0886452940977719,0.1384615384615385,0.08634593969478327
flowers102,S2,ConvNeXt-T,convnext_tiny_in1k,17,62,5,0.9451612903225806,0.02446088852919858,0.9064516129032258,0.06689174630105718,0.03870967741935483,0.08504146017073598
flowers102,S2,ConvNeXt-T,convnext_tiny_in1k,18,29,5,0.9172413793103449,0.05229569271759691,0.7172413793103448,0.07863278793787161,0.2,0.10739594139584445
flowers102,S2,ConvNeXt-T,convnext_tiny_in1k,19,36,5,0.9833333333333334,0.015214515486254621,0.8444444444444444,0.1340835376238574,0.1388888888888889,0.12880025688188473
flowers102,S2,ConvNeXt-T,convnext_tiny_in1k,20,20,5,0.9800000000000001,0.02738612787525833,0.6799999999999999,0.1753567791675018,0.3,0.19039432764659772
flowers102,S2,ConvNeXt-T,convnext_tiny_in1k,21,39,5,1.0,0.0,0.8205128205128205,0.11889254481404746,0.1794871794871795,0.11889254481404746
flowers102,S2,ConvNeXt-T,convnext_tiny_in1k,22,71,5,0.8816901408450704,0.021360212518455095,0.8732394366197184,0.04879016359348949,0.008450704225352101,0.029206255427222102
flowers102,S2,ConvNeXt-T,convnext_tiny_in1k,23,22,5,1.0,0.0,0.8545454545454545,0.09315409787236001,0.14545454545454545,0.09315409787236001
flowers102,S2,ConvNeXt-T,convnext_tiny_in1k,24,21,5,1.0,0.0,0.8857142857142858,0.09874495882537009,0.1142857142857143,0.09874495882537007
flowers102,S2,ConvNeXt-T,convnext_tiny_in1k,25,21,5,0.8952380952380953,0.052164053095730085,0.30476190476190473,0.170367083999984,0.5904761904761905,0.20919888225227426
flowers102,S2,ConvNeXt-T,convnext_tiny_in1k,26,20,5,1.0,0.0,0.41,0.24849547279578355,0.5900000000000001,0.24849547279578352
flowers102,S2,ConvNeXt-T,convnext_tiny_in1k,27,46,5,0.9956521739130434,0.009722034684781689,0.30869565217391304,0.10357503695279648,0.6869565217391305,0.1071631090770977
flowers102,S2,ConvNeXt-T,convnext_tiny_in1k,28,58,5,0.9724137931034484,0.015421158465515773,0.7620689655172413,0.07844353907639534,0.21034482758620693,0.0839355961699178
flowers102,S2,ConvNeXt-T,convnext_tiny_in1k,29,65,5,0.8338461538461539,0.01685300176938973,0.5907692307692308,0.055041673292302515,0.2430769230769231,0.04913452130052712
flowers102,S2,ConvNeXt-T,convnext_tiny_in1k,30,32,5,0.95,0.01711632992203644,0.8125,0.06629126073623882,0.1375,0.06091746465505602
flowers102,S2,ConvNeXt-T,convnext_tiny_in1k,31,25,5,0.8960000000000001,0.08763560920082653,0.656,0.35844106907551765,0.24,0.2870540018881465
flowers102,S2,ConvNeXt-T,convnext_tiny_in1k,32,26,5,0.9846153846153847,0.021066252211737146,0.9076923076923077,0.043852900965351486,0.07692307692307691,0.04710557197659959
flowers102,S2,ConvNeXt-T,convnext_tiny_in1k,33,20,5,1.0,0.0,0.78,0.14404860290887936,0.22000000000000003,0.14404860290887933
flowers102,S2,ConvNeXt-T,convnext_tiny_in1k,34,23,5,1.0,0.0,1.0,0.0,0.0,0.0
flowers102,S2,ConvNeXt-T,convnext_tiny_in1k,35,55,5,0.989090909090909,0.016262312563634838,0.9563636363636363,0.030424000964875485,0.03272727272727274,0.03497342556667518
flowers102,S2,ConvNeXt-T,convnext_tiny_in1k,36,88,5,0.9931818181818182,0.00622411997164961,0.9318181818181819,0.038535965813211774,0.06136363636363638,0.03273831884292715
flowers102,S2,ConvNeXt-T,convnext_tiny_in1k,37,36,5,0.9888888888888889,0.015214515486254621,0.9944444444444445,0.012422599874998837,-0.005555555555555558,0.02324055629261322
flowers102,S2,ConvNeXt-T,convnext_tiny_in1k,38,21,5,0.9428571428571428,0.052164053095730106,0.638095238095238,0.1800730514398956,0.3047619047619048,0.14521857792358958
flowers102,S2,ConvNeXt-T,convnext_tiny_in1k,39,47,5,0.9531914893617021,0.027741286830649556,0.7702127659574468,0.1129865365732064,0.1829787234042553,0.11808031425967326
flowers102,S2,ConvNeXt-T,convnext_tiny_in1k,40,107,5,0.9551401869158879,0.007819252584430614,0.930841121495327,0.029994030908189185,0.02429906542056075,0.02692497250633259
flowers102,S2,ConvNeXt-T,convnext_tiny_in1k,41,39,5,0.9794871794871796,0.021452821193181443,0.21025641025641026,0.19477055399828658,0.7692307692307692,0.18929260333632564
flowers102,S2,ConvNeXt-T,convnext_tiny_in1k,42,110,5,0.7690909090909092,0.02456228379292053,0.4927272727272728,0.13717937825410137,0.27636363636363637,0.13974593239101707
flowers102,S2,ConvNeXt-T,convnext_tiny_in1k,43,73,5,0.9863013698630138,0.016777327005364256,0.9616438356164384,0.035458024946698044,0.02465753424657533,0.02634984118037171
flowers102,S2,ConvNeXt-T,convnext_tiny_in1k,44,20,5,1.0,0.0,0.82,0.15652475842498526,0.18,0.15652475842498526
flowers102,S2,ConvNeXt-T,convnext_tiny_in1k,45,176,5,0.9829545454545455,0.004017652165832653,0.22613636363636366,0.2383453311915852,0.7568181818181818,0.23486604895219151
flowers102,S2,ConvNeXt-T,convnext_tiny_in1k,46,47,5,0.9914893617021276,0.011653671436280147,0.48936170212765956,0.2897837972739625,0.502127659574468,0.29885854977733417
flowers102,S2,ConvNeXt-T,convnext_tiny_in1k,47,51,5,0.9215686274509803,0.019607843137254888,0.19215686274509805,0.15771825531129574,0.7294117647058823,0.1469934495215005
flowers102,S2,ConvNeXt-T,convnext_tiny_in1k,48,29,5,1.0,0.0,0.8482758620689654,0.14342506443507186,0.15172413793103448,0.14342506443507186
flowers102,S2,ConvNeXt-T,convnext_tiny_in1k,49,72,5,0.9722222222222221,0.017010345435994324,0.058333333333333334,0.12282050538574524,0.913888888888889,0.11553685746158568
flowers102,S2,ConvNeXt-T,convnext_tiny_in1k,50,238,5,0.6890756302521008,0.05120192271829388,0.853781512605042,0.05071691387229046,-0.16470588235294115,0.08007481848451496
flowers102,S2,ConvNeXt-T,convnext_tiny_in1k,51,65,5,0.9969230769230769,0.00688020916153779,0.9261538461538462,0.05998027289113208,0.07076923076923074,0.06211270534826568
flowers102,S2,ConvNeXt-T,convnext_tiny_in1k,52,73,5,0.8027397260273972,0.045018292397684866,0.6164383561643836,0.2741437821395822,0.18630136986301365,0.23360080818950366
flowers102,S2,ConvNeXt-T,convnext_tiny_in1k,53,41,5,0.9902439024390244,0.02181529734146138,0.8926829268292682,0.08378323920642763,0.0975609756097561,0.08449028329604277
flowers102,S2,ConvNeXt-T,convnext_tiny_in1k,54,51,5,0.9333333333333332,0.029736766447260973,0.5529411764705883,0.17777297186891194,0.3803921568627451,0.1590533316915549
flowers102,S2,ConvNeXt-T,convnext_tiny_in1k,55,89,5,0.9910112359550561,0.009400674455439075,0.5146067415730337,0.23640940739116653,0.4764044943820225,0.2328039997730158
flowers102,S2,ConvNeXt-T,convnext_tiny_in1k,56,47,5,0.9787234042553191,0.0,0.9872340425531915,0.028545548648933477,-0.008510638297872375,0.028545548648933477
flowers102,S2,ConvNeXt-T,convnext_tiny_in1k,57,94,5,1.0,0.0,0.48723404255319147,0.2935090766733345,0.5127659574468085,0.2935090766733345
flowers102,S2,ConvNeXt-T,convnext_tiny_in1k,58,47,5,1.0,0.0,0.2765957446808511,0.27412976014308776,0.723404255319149,0.2741297601430878
flowers102,S2,ConvNeXt-T,convnext_tiny_in1k,59,89,5,1.0,0.0,0.8584269662921349,0.173449085554339,0.14157303370786517,0.173449085554339
flowers102,S2,ConvNeXt-T,convnext_tiny_in1k,60,30,5,1.0,0.0,0.42666666666666664,0.3459287017098562,0.5733333333333334,0.3459287017098562
flowers102,S2,ConvNeXt-T,convnext_tiny_in1k,61,35,5,0.9199999999999999,0.02390457218668788,0.23428571428571426,0.07395530917454163,0.6857142857142857,0.0699854212223765
flowers102,S2,ConvNeXt-T,convnext_tiny_in1k,62,34,5,1.0,0.0,0.7411764705882353,0.28922399456328285,0.25882352941176473,0.28922399456328285
flowers102,S2,ConvNeXt-T,convnext_tiny_in1k,63,32,5,1.0,0.0,0.95,0.07194290270763336,0.05,0.07194290270763337
flowers102,S2,ConvNeXt-T,convnext_tiny_in1k,64,82,5,0.9341463414634147,0.046116269271192764,0.4975609756097561,0.26429955244113257,0.4365853658536586,0.2734264917687235
flowers102,S2,ConvNeXt-T,convnext_tiny_in1k,65,41,5,1.0,0.0,0.9902439024390244,0.013359086768418698,0.009756097560975618,0.013359086768418698
flowers102,S2,ConvNeXt-T,convnext_tiny_in1k,66,22,5,0.8272727272727274,0.07468943965979537,0.7,0.10464422212019399,0.12727272727272726,0.08743356391668793
flowers102,S2,ConvNeXt-T,convnext_tiny_in1k,67,34,5,0.9352941176470588,0.013153341044116414,0.9294117647058823,0.05342912389583809,0.005882352941176472,0.0483284609563382
flowers102,S2,ConvNeXt-T,convnext_tiny_in1k,68,34,5,1.0,0.0,0.9176470588235294,0.1288758958835685,0.08235294117647059,0.1288758958835685
flowers102,S2,ConvNeXt-T,convnext_tiny_in1k,69,42,5,1.0,0.0,0.7523809523809524,0.15847201230755936,0.24761904761904763,0.15847201230755936
flowers102,S2,ConvNeXt-T,convnext_tiny_in1k,70,58,5,0.993103448275862,0.015421158465515774,0.5620689655172414,0.2727736601634286,0.43103448275862066,0.2798738462197919
flowers102,S2,ConvNeXt-T,convnext_tiny_in1k,71,76,5,0.8789473684210526,0.028525636037735266,0.4447368421052632,0.12668531475695693,0.4342105263157895,0.11694992654362615
flowers102,S2,ConvNeXt-T,convnext_tiny_in1k,72,174,5,0.9402298850574713,0.02833047711233619,0.8942528735632184,0.0446282038122234,0.04597701149425289,0.06502131321255611
flowers102,S2,ConvNeXt-T,convnext_tiny_in1k,73,151,5,0.8225165562913908,0.05607672352322265,0.3748344370860927,0.18909575254727345,0.447682119205298,0.19721316134429753
flowers102,S2,ConvNeXt-T,convnext_tiny_in1k,74,100,5,0.968,0.014832396974191338,0.962,0.02280350850198278,0.006000000000000005,0.03361547262794325
flowers102,S2,ConvNeXt-T,convnext_tiny_in1k,75,87,5,0.9655172413793103,0.022988505747126464,0.7839080459770116,0.11155940743495105,0.1816091954022988,0.10825365221122853
flowers102,S2,ConvNeXt-T,convnext_tiny_in1k,76,231,5,0.9541125541125541,0.024024999005214907,0.8415584415584416,0.10396822893352782,0.11255411255411256,0.08162211097387363
flowers102,S2,ConvNeXt-T,convnext_tiny_in1k,77,117,5,0.9196581196581196,0.047817438395553385,0.735042735042735,0.11672222464741594,0.18461538461538463,0.09756326957351125
flowers102,S2,ConvNeXt-T,convnext_tiny_in1k,78,21,5,1.0,0.0,0.9904761904761905,0.02129588549999802,0.009523809523809535,0.021295885499998023
flowers102,S2,ConvNeXt-T,convnext_tiny_in1k,79,85,5,0.9647058823529411,0.03327561323230812,0.7576470588235293,0.03178648490848541,0.20705882352941174,0.04448863623809186
flowers102,S2,ConvNeXt-T,convnext_tiny_in1k,80,146,5,0.9876712328767123,0.010159176009720085,0.6260273972602739,0.13652318977867722,0.3616438356164383,0.13214031221760747
flowers102,S2,ConvNeXt-T,convnext_tiny_in1k,81,92,5,0.9217391304347826,0.02478642228476386,0.8021739130434783,0.12591817789195286,0.11956521739130435,0.10283091265448098
flowers102,S2,ConvNeXt-T,convnext_tiny_in1k,82,111,5,0.8072072072072072,0.02074029627607447,0.6126126126126127,0.191640066542186,0.19459459459459455,0.17763974838005386
flowers102,S2,ConvNeXt-T,convnext_tiny_in1k,83,66,5,0.8090909090909092,0.06117160375207984,0.7090909090909091,0.07218866211861572,0.1,0.1116492934966093
flowers102,S2,ConvNeXt-T,convnext_tiny_in1k,84,43,5,0.9767441860465116,0.023255813953488358,0.6232558139534883,0.11321545529895892,0.35348837209302325,0.104521883973229
flowers102,S2,ConvNeXt-T,convnext_tiny_in1k,85,38,5,0.9842105263157895,0.01441375151329383,0.9894736842105264,0.023537557657892547,-0.005263157894736814,0.022017369119317794
flowers102,S2,ConvNeXt-T,convnext_tiny_in1k,86,43,5,0.9674418604651163,0.02080063234883524,0.930232558139535,0.028482438869571844,0.03720930232558135,0.042246284010662674
flowers102,S2,ConvNeXt-T,convnext_tiny_in1k,87,134,5,0.8537313432835821,0.05132462347477433,0.6567164179104477,0.10327128733655257,0.19701492537313434,0.08744409154884791
flowers102,S2,ConvNeXt-T,convnext_tiny_in1k,88,164,5,0.9585365853658537,0.014557727300382113,0.2914634146341463,0.1769028442389255,0.6670731707317072,0.17179546656400824
flowers102,S2,ConvNeXt-T,convnext_tiny_in1k,89,62,5,0.8709677419354838,0.06350006350009524,0.02258064516129032,0.02446088852919855,0.8483870967741935,0.07355970484510566
flowers102,S2,ConvNeXt-T,convnext_tiny_in1k,90,56,5,0.9785714285714286,0.01956151991089878,0.9214285714285714,0.04111023011864766,0.05714285714285716,0.04955156044825575
flowers102,S2,ConvNeXt-T,convnext_tiny_in1k,91,46,5,0.9652173913043478,0.019444069369563374,0.9217391304347826,0.05873589602654912,0.04347826086956523,0.0633799119004924
flowers102,S2,ConvNeXt-T,convnext_tiny_in1k,92,26,5,0.9461538461538461,0.021066252211737142,0.9307692307692308,0.03217923178977215,0.015384615384615396,0.04385290096535147
flowers102,S2,ConvNeXt-T,convnext_tiny_in1k,93,142,5,0.9690140845070422,0.009448174552816034,0.9647887323943662,0.020531520756497557,0.004225352112676051,0.017675916053536852
flowers102,S2,ConvNeXt-T,convnext_tiny_in1k,94,108,5,0.9592592592592591,0.010557179862029049,0.8148148148148149,0.08905270398921919,0.14444444444444443,0.08034775240709867
flowers102,S2,ConvNeXt-T,convnext_tiny_in1k,95,71,5,0.8140845070422535,0.03362629967975585,0.4169014084507042,0.029206255427222147,0.3971830985915493,0.03362629967975587
flowers102,S2,ConvNeXt-T,convnext_tiny_in1k,96,46,5,0.8608695652173912,0.03296902366978933,0.6608695652173913,0.10380292509837671,0.19999999999999998,0.1144147597125284
flowers102,S2,ConvNeXt-T,convnext_tiny_in1k,97,62,5,0.9387096774193548,0.021029685178073097,0.8032258064516128,0.08411874071229225,0.13548387096774195,0.08032193289024989
flowers102,S2,ConvNeXt-T,convnext_tiny_in1k,98,43,5,0.9488372093023255,0.0194572099193971,0.8279069767441861,0.07463630946921493,0.12093023255813953,0.0760717545757959
flowers102,S2,ConvNeXt-T,convnext_tiny_in1k,99,29,5,0.9793103448275863,0.01888698474155743,0.1793103448275862,0.051146196462728714,0.8,0.06632891055748738
flowers102,S2,ConvNeXt-T,convnext_tiny_in1k,100,38,5,0.9157894736842105,0.0343115916063297,0.15789473684210525,0.14769700210949768,0.7578947368421053,0.17983525856073562
flowers102,S2,ConvNeXt-T,convnext_tiny_in1k,101,28,5,0.9928571428571429,0.01597191412499849,0.41428571428571426,0.307848027707285,0.5785714285714286,0.30135747299612836
flowers102,S3,ViT-S,vit_small_in1k,0,20,5,0.96,0.06519202405202651,0.24,0.1710263137648707,0.72,0.11510864433221338
flowers102,S3,ViT-S,vit_small_in1k,1,40,5,0.915,0.013693063937629165,0.82,0.054198708471697,0.09500000000000004,0.04808846015417836
flowers102,S3,ViT-S,vit_small_in1k,2,20,5,0.53,0.06708203932499368,0.06000000000000001,0.08215838362577493,0.4699999999999999,0.13509256086106294
flowers102,S3,ViT-S,vit_small_in1k,3,36,5,0.5277777777777778,0.019641855032959663,0.3388888888888889,0.16480441082434807,0.1888888888888889,0.16827923589845512
flowers102,S3,ViT-S,vit_small_in1k,4,45,5,0.9111111111111111,0.02721655269759086,0.035555555555555556,0.0557773351022717,0.8755555555555556,0.05115939748098371
flowers102,S3,ViT-S,vit_small_in1k,5,25,5,0.9040000000000001,0.021908902300206663,0.8880000000000001,0.017888543819998336,0.016000000000000014,0.021908902300206663
flowers102,S3,ViT-S,vit_small_in1k,6,20,5,0.95,0.03535533905932737,0.8699999999999999,0.10954451150103325,0.07999999999999999,0.09082951062292478
flowers102,S3,ViT-S,vit_small_in1k,7,65,5,0.9938461538461538,0.008426500884694833,0.34153846153846157,0.22064992756070503,0.6523076923076923,0.21582372820615608
flowers102,S3,ViT-S,vit_small_in1k,8,26,5,0.9230769230769231,0.04710557197659959,0.07692307692307693,0.07195494974565272,0.8461538461538461,0.07692307692307696
flowers102,S3,ViT-S,vit_small_in1k,9,25,5,0.992,0.017888543819998333,1.0,0.0,-0.008000000000000007,0.017888543819998333
flowers102,S3,ViT-S,vit_small_in1k,10,67,5,0.6626865671641792,0.022635449086721042,0.16119402985074627,0.10308236805869855,0.5014925373134329,0.087412241578187
flowers102,S3,ViT-S,vit_small_in1k,11,67,5,0.946268656716418,0.008174963544853189,0.32238805970149254,0.18778705656778033,0.6238805970149255,0.19385755840735125
flowers102,S3,ViT-S,vit_small_in1k,12,29,5,0.993103448275862,0.015421158465515774,0.8896551724137931,0.1430099403677774,0.10344827586206899,0.12902266850944627
flowers102,S3,ViT-S,vit_small_in1k,13,28,5,0.9857142857142858,0.03194382824999698,0.6714285714285715,0.26049403612586386,0.31428571428571433,0.2374395734084952
flowers102,S3,ViT-S,vit_small_in1k,14,29,5,0.993103448275862,0.015421158465515774,0.07586206896551724,0.08586137653785332,0.9172413793103449,0.08655103722766297
flowers102,S3,ViT-S,vit_small_in1k,15,21,5,0.8857142857142858,0.02608202654786508,0.02857142857142857,0.042591770999996,0.8571428571428571,0.03367175148507369
flowers102,S3,ViT-S,vit_small_in1k,16,65,5,0.9876923076923078,0.00688020916153779,0.5138461538461538,0.39111432369728344,0.4738461538461539,0.3943986509332761
flowers102,S3,ViT-S,vit_small_in1k,17,62,5,0.8290322580645162,0.06204962600539144,0.33225806451612905,0.1980655668775323,0.4967741935483871,0.18788764991514148
flowers102,S3,ViT-S,vit_small_in1k,18,29,5,0.8827586206896552,0.01888698474155749,0.14482758620689656,0.1696327431206737,0.7379310344827587,0.16644852946409888
flowers102,S3,ViT-S,vit_small_in1k,19,36,5,0.9111111111111111,0.041201102706087005,0.5833333333333333,0.2041241452319315,0.3277777777777778,0.21641723534202728
flowers102,S3,ViT-S,vit_small_in1k,20,20,5,0.95,0.03535533905932737,0.05,0.08660254037844388,0.9,0.08660254037844385
flowers102,S3,ViT-S,vit_small_in1k,21,39,5,0.9538461538461538,0.021452821193181402,0.4256410256410256,0.23957556157534518,0.5282051282051282,0.258707656525732
flowers102,S3,ViT-S,vit_small_in1k,22,71,5,0.847887323943662,0.027092090227706082,0.6816901408450704,0.0937440072805281,0.16619718309859152,0.06999872473120669
flowers102,S3,ViT-S,vit_small_in1k,23,22,5,0.990909090909091,0.020327890704543525,0.1,0.10852123987557565,0.890909090909091,0.09958591954639386
flowers102,S3,ViT-S,vit_small_in1k,24,21,5,0.9428571428571428,0.03984095364447978,0.6571428571428571,0.26810834781446186,0.2857142857142857,0.30116930096841704
flowers102,S3,ViT-S,vit_small_in1k,25,21,5,0.780952380952381,0.0542940678618637,0.047619047619047616,0.06734350297014738,0.7333333333333333,0.1043281061914602
flowers102,S3,ViT-S,vit_small_in1k,26,20,5,1.0,0.0,0.09,0.08944271909999159,0.9099999999999999,0.08944271909999157
flowers102,S3,ViT-S,vit_small_in1k,27,46,5,0.9565217391304348,0.021739130434782594,0.034782608695652174,0.045079220333321124,0.9217391304347826,0.05668871656697956
flowers102,S3,ViT-S,vit_small_in1k,28,58,5,0.9655172413793103,0.024382992454708527,0.31724137931034485,0.10023753002585264,0.6482758620689655,0.10097621009894019
flowers102,S3,ViT-S,vit_small_in1k,29,65,5,0.8123076923076923,0.03830738337842687,0.36615384615384616,0.1473232568599891,0.4461538461538462,0.17642069140276487
flowers102,S3,ViT-S,vit_small_in1k,30,32,5,0.81875,0.060110575192722955,0.425,0.10959798697968864,0.39375,0.13728676647805496
flowers102,S3,ViT-S,vit_small_in1k,31,25,5,0.656,0.053665631459994964,0.23200000000000004,0.21052315787105227,0.42400000000000004,0.1991983935678197
flowers102,S3,ViT-S,vit_small_in1k,32,26,5,0.923076923076923,0.09020030307352747,0.5461538461538462,0.1728631158018787,0.37692307692307697,0.14746376548216011
flowers102,S3,ViT-S,vit_small_in1k,33,20,5,0.86,0.04183300132670378,0.43,0.30740852297878796,0.43000000000000005,0.2863564212655271
flowers102,S3,ViT-S,vit_small_in1k,34,23,5,0.9739130434782609,0.023814024239355035,0.8173913043478261,0.11254068787430248,0.1565217391304348,0.11747179205309821
flowers102,S3,ViT-S,vit_small_in1k,35,55,5,0.9127272727272727,0.03941724252487056,0.6799999999999999,0.1295893067724034,0.23272727272727273,0.16231792087756838
flowers102,S3,ViT-S,vit_small_in1k,36,88,5,0.9863636363636363,0.018672359914948828,0.4818181818181818,0.24207479549009278,0.5045454545454546,0.23269109271327765
flowers102,S3,ViT-S,vit_small_in1k,37,36,5,0.9277777777777777,0.03726779962499651,0.4333333333333333,0.26176042198643884,0.49444444444444446,0.2593915006650834
flowers102,S3,ViT-S,vit_small_in1k,38,21,5,0.819047619047619,0.07063046178186345,0.06666666666666667,0.10432810619146021,0.7523809523809524,0.07824607964359512
flowers102,S3,ViT-S,vit_small_in1k,39,47,5,0.8638297872340426,0.03865085558422331,0.11489361702127658,0.05942229805859124,0.7489361702127659,0.06959756269700486
flowers102,S3,ViT-S,vit_small_in1k,40,107,5,0.9158878504672897,0.03169313076226761,0.7252336448598131,0.19171411446666295,0.19065420560747665,0.18344915971561943
flowers102,S3,ViT-S,vit_small_in1k,41,39,5,0.8974358974358975,0.0678397772067844,0.14358974358974358,0.09864299518805818,0.7538461538461538,0.1237694193450992
flowers102,S3,ViT-S,vit_small_in1k,42,110,5,0.5836363636363636,0.04912456758584111,0.2381818181818182,0.14104099398214362,0.3454545454545454,0.12331509060227762
flowers102,S3,ViT-S,vit_small_in1k,43,73,5,0.9643835616438355,0.015618841439714209,0.7753424657534247,0.10186845174015456,0.18904109589041093,0.09361287431928708
flowers102,S3,ViT-S,vit_small_in1k,44,20,5,0.9800000000000001,0.04472135954999579,0.22999999999999998,0.12549900398011132,0.75,0.1274754878398196
flowers102,S3,ViT-S,vit_small_in1k,45,176,5,0.9329545454545455,0.014707021710846355,0.11704545454545454,0.05953721317013516,0.815909090909091,0.06410642139803789
flowers102,S3,ViT-S,vit_small_in1k,46,47,5,0.9872340425531915,0.019030365765955643,0.5319148936170214,0.18970802659709587,0.45531914893617015,0.18401487923778428
flowers102,S3,ViT-S,vit_small_in1k,47,51,5,0.9333333333333332,0.017537788058821915,0.05490196078431372,0.06413893032861226,0.8784313725490195,0.07644544584163895
flowers102,S3,ViT-S,vit_small_in1k,48,29,5,1.0,0.0,0.48965517241379314,0.4452150143883974,0.5103448275862069,0.4452150143883974
flowers102,S3,ViT-S,vit_small_in1k,49,72,5,0.9527777777777778,0.007607257743127341,0.0,0.0,0.9527777777777778,0.007607257743127341
flowers102,S3,ViT-S,vit_small_in1k,50,238,5,0.5420168067226891,0.01071222586889241,0.3974789915966387,0.1909477808465953,0.1445378151260504,0.1921918735612299
flowers102,S3,ViT-S,vit_small_in1k,51,65,5,0.9846153846153847,0.015384615384615385,0.1753846153846154,0.08538115031084068,0.8092307692307692,0.09140585093854123
flowers102,S3,ViT-S,vit_small_in1k,52,73,5,0.6767123287671233,0.06890288405457146,0.07945205479452054,0.1333067465830451,0.5972602739726027,0.1045951187332662
flowers102,S3,ViT-S,vit_small_in1k,53,41,5,0.9951219512195122,0.01090764867073069,0.11219512195121953,0.13314482013615786,0.8829268292682926,0.1306643437656476
flowers102,S3,ViT-S,vit_small_in1k,54,51,5,0.980392156862745,1.2412670766236366e-16,0.01568627450980392,0.02147931598059475,0.9647058823529411,0.021479315980594733
flowers102,S3,ViT-S,vit_small_in1k,55,89,5,0.9932584269662922,0.006154186039383904,0.07415730337078652,0.05246120238170226,0.9191011235955056,0.05353316516661392
flowers102,S3,ViT-S,vit_small_in1k,56,47,5,0.9446808510638298,0.028545548648933494,0.8723404255319149,0.0721524466289922,0.07234042553191491,0.055482573661299155
flowers102,S3,ViT-S,vit_small_in1k,57,94,5,0.9808510638297872,0.01903036576595564,0.3212765957446808,0.2180721324630777,0.6595744680851064,0.22964928877577553
flowers102,S3,ViT-S,vit_small_in1k,58,47,5,1.0,0.0,0.02127659574468085,0.036852144841891005,0.9787234042553191,0.03685214484189101
flowers102,S3,ViT-S,vit_small_in1k,59,89,5,0.995505617977528,0.006154186039383904,0.4337078651685394,0.2678544225278327,0.5617977528089888,0.26446297294246784
flowers102,S3,ViT-S,vit_small_in1k,60,30,5,1.0,0.0,0.09333333333333334,0.1140175425099138,0.9066666666666666,0.1140175425099138
flowers102,S3,ViT-S,vit_small_in1k,61,35,5,0.8742857142857142,0.04780914437337572,0.0,0.0,0.8742857142857142,0.04780914437337572
flowers102,S3,ViT-S,vit_small_in1k,62,34,5,1.0,0.0,0.18823529411764708,0.3088935494850853,0.8117647058823529,0.3088935494850853
flowers102,S3,ViT-S,vit_small_in1k,63,32,5,1.0,0.0,0.525,0.3317508006772553,0.475,0.3317508006772553
flowers102,S3,ViT-S,vit_small_in1k,64,82,5,0.975609756097561,0.028600096096484305,0.23414634146341468,0.2441157603712427,0.7414634146341463,0.2267440175491927
flowers102,S3,ViT-S,vit_small_in1k,65,41,5,1.0,0.0,0.024390243902439025,0.03449301371641695,0.975609756097561,0.03449301371641694
flowers102,S3,ViT-S,vit_small_in1k,66,22,5,0.8727272727272727,0.05926547641093316,0.2,0.14588005941710194,0.6727272727272727,0.1885131032120702
flowers102,S3,ViT-S,vit_small_in1k,67,34,5,0.8823529411764707,0.04650408323777029,0.6294117647058823,0.1968611827139001,0.2529411764705882,0.2033457178522777
flowers102,S3,ViT-S,vit_small_in1k,68,34,5,0.9764705882352942,0.013153341044116413,0.7294117647058823,0.19331384382535274,0.24705882352941178,0.18786728732554484
flowers102,S3,ViT-S,vit_small_in1k,69,42,5,1.0,0.0,0.4428571428571429,0.27386127875258304,0.5571428571428572,0.27386127875258304
flowers102,S3,ViT-S,vit_small_in1k,70,58,5,1.0,0.0,0.2551724137931034,0.21651493208207728,0.7448275862068966,0.21651493208207728
flowers102,S3,ViT-S,vit_small_in1k,71,76,5,0.7973684210526316,0.06486188180982234,0.1868421052631579,0.23080762696414506,0.6105263157894736,0.29401344495987686
flowers102,S3,ViT-S,vit_small_in1k,72,174,5,0.8954022988505747,0.036889210427313156,0.40344827586206894,0.1108018552624802,0.4919540229885057,0.11074222024456376
flowers102,S3,ViT-S,vit_small_in1k,73,151,5,0.7258278145695364,0.0469685383483368,0.07549668874172186,0.04969094432398429,0.6503311258278146,0.07395308225241659
flowers102,S3,ViT-S,vit_small_in1k,74,100,5,0.95,0.018708286933869694,0.8880000000000001,0.06942621983083912,0.061999999999999965,0.056302753041036976
flowers102,S3,ViT-S,vit_small_in1k,75,87,5,0.8873563218390805,0.009616781914184764,0.3816091954022988,0.23435313072321598,0.5057471264367817,0.23088861409885822
flowers102,S3,ViT-S,vit_small_in1k,76,231,5,0.9567099567099566,0.029678158443294578,0.5809523809523809,0.1129447101979653,0.37575757575757573,0.10490134185877723
flowers102,S3,ViT-S,vit_small_in1k,77,117,5,0.8683760683760683,0.021452821193181433,0.28547008547008546,0.26950874267554314,0.582905982905983,0.2745971753986957
flowers102,S3,ViT-S,vit_small_in1k,78,21,5,1.0,0.0,0.8,0.14045601146431072,0.2,0.14045601146431072
flowers102,S3,ViT-S,vit_small_in1k,79,85,5,0.9364705882352942,0.019686118271389986,0.5035294117647059,0.11893413605741279,0.4329411764705882,0.1313754755307635
flowers102,S3,ViT-S,vit_small_in1k,80,146,5,0.9917808219178081,0.005730548126945747,0.30273972602739724,0.2386669364387768,0.689041095890411,0.23833254488547229
flowers102,S3,ViT-S,vit_small_in1k,81,92,5,0.8130434782608695,0.06718059626244544,0.5369565217391304,0.22468734841299368,0.2760869565217391,0.21280487970015297
flowers102,S3,ViT-S,vit_small_in1k,82,111,5,0.7027027027027027,0.0627404877350636,0.17657657657657658,0.18709696829669925,0.5261261261261261,0.20110481309146044
flowers102,S3,ViT-S,vit_small_in1k,83,66,5,0.696969696969697,0.03030303030303033,0.1181818181818182,0.13944333775567927,0.5787878787878787,0.13139080841623513
flowers102,S3,ViT-S,vit_small_in1k,84,43,5,0.930232558139535,0.028482438869571844,0.19069767441860463,0.1437352292126739,0.7395348837209303,0.11903705946111369
flowers102,S3,ViT-S,vit_small_in1k,85,38,5,0.968421052631579,0.022017369119317808,0.6210526315789473,0.3533574618497186,0.3473684210526316,0.36245163972002403
flowers102,S3,ViT-S,vit_small_in1k,86,43,5,0.9581395348837208,0.019457209919397086,0.7627906976744186,0.11080120232159621,0.1953488372093023,0.11926401306937752
flowers102,S3,ViT-S,vit_small_in1k,87,134,5,0.7238805970149255,0.05509262335907986,0.3402985074626866,0.14752732887345155,0.3835820895522389,0.12040160761040702
flowers102,S3,ViT-S,vit_small_in1k,88,164,5,0.8524390243902438,0.030304325950705337,0.03780487804878049,0.033785110188280655,0.8146341463414635,0.05889751532216222
flowers102,S3,ViT-S,vit_small_in1k,89,62,5,0.8258064516129032,0.03496690869141744,0.029032258064516127,0.04016096644512494,0.7967741935483871,0.06993381738283486
flowers102,S3,ViT-S,vit_small_in1k,90,56,5,0.9,0.00978075995544936,0.6,0.2527274687670253,0.3,0.25108184290532576
flowers102,S3,ViT-S,vit_small_in1k,91,46,5,0.8956521739130434,0.04957284456952774,0.26956521739130435,0.1749966243260705,0.6260869565217391,0.12897736499296808
flowers102,S3,ViT-S,vit_small_in1k,92,26,5,0.9076923076923077,0.0344010458076891,0.2923076923076923,0.18365132902020495,0.6153846153846153,0.17200522903844537
flowers102,S3,ViT-S,vit_small_in1k,93,142,5,0.9422535211267606,0.02303581300534666,0.6140845070422535,0.2301104156965117,0.32816901408450705,0.22620875910953886
flowers102,S3,ViT-S,vit_small_in1k,94,108,5,0.8,0.038512285820528555,0.42407407407407405,0.18855726153589247,0.37592592592592594,0.16271024175176887
flowers102,S3,ViT-S,vit_small_in1k,95,71,5,0.695774647887324,0.05509185131157166,0.04507042253521127,0.03362629967975584,0.6507042253521127,0.025195132140842666
flowers102,S3,ViT-S,vit_small_in1k,96,46,5,0.7217391304347827,0.05627034393715123,0.11739130434782608,0.09042014931776271,0.6043478260869566,0.08475473343312144
flowers102,S3,ViT-S,vit_small_in1k,97,62,5,0.9129032258064516,0.026989033114002414,0.1129032258064516,0.11630810566012868,0.8,0.10239077579421857
flowers102,S3,ViT-S,vit_small_in1k,98,43,5,0.8697674418604651,0.05353890434056437,0.18139534883720929,0.17817657031979492,0.6883720930232557,0.15824210080189768
flowers102,S3,ViT-S,vit_small_in1k,99,29,5,1.0,0.0,0.013793103448275862,0.018886984741557453,0.9862068965517242,0.01888698474155743
flowers102,S3,ViT-S,vit_small_in1k,100,38,5,0.8947368421052632,0.01860807318911965,0.02631578947368421,0.02631578947368421,0.868421052631579,0.03721614637823934
flowers102,S3,ViT-S,vit_small_in1k,101,28,5,0.9714285714285713,0.01597191412499849,0.39285714285714285,0.1694077317947346,0.5785714285714286,0.1701589892795942
flowers102,S4,Swin-T,swin_tiny,0,20,5,1.0,0.0,0.79,0.06519202405202651,0.20999999999999996,0.06519202405202651
flowers102,S4,Swin-T,swin_tiny,1,40,5,0.96,0.013693063937629165,0.925,0.030618621784789708,0.03499999999999994,0.02850438562747844
flowers102,S4,Swin-T,swin_tiny,2,20,5,0.63,0.0758287544405155,0.45999999999999996,0.1140175425099138,0.16999999999999998,0.14832396974191328
flowers102,S4,Swin-T,swin_tiny,3,36,5,0.6555555555555556,0.05414885747116087,0.6555555555555556,0.04212708580028638,2.2204460492503132e-17,0.08098544298396246
flowers102,S4,Swin-T,swin_tiny,4,45,5,0.9555555555555555,0.03513641844631533,0.0711111111111111,0.11265592760565846,0.8844444444444445,0.12212117034696966
flowers102,S4,Swin-T,swin_tiny,5,25,5,0.992,0.017888543819998333,0.968,0.05215361924162119,0.024,0.060663003552412414
flowers102,S4,Swin-T,swin_tiny,6,20,5,0.97,0.02738612787525833,0.8300000000000001,0.02738612787525827,0.13999999999999996,0.04183300132670377
flowers102,S4,Swin-T,swin_tiny,7,65,5,1.0,0.0,0.7415384615384616,0.15050211817102274,0.2584615384615384,0.15050211817102274
flowers102,S4,Swin-T,swin_tiny,8,26,5,0.9692307692307693,0.017200522903844526,0.29230769230769227,0.1002954216185023,0.676923076923077,0.10391735450850999
flowers102,S4,Swin-T,swin_tiny,9,25,5,1.0,0.0,0.992,0.017888543819998333,0.008000000000000007,0.017888543819998333
flowers102,S4,Swin-T,swin_tiny,10,67,5,0.8567164179104477,0.050172347205885384,0.3611940298507463,0.2151015032872107,0.4955223880597015,0.22792369156801287
flowers102,S4,Swin-T,swin_tiny,11,67,5,0.9671641791044776,0.006674829783581482,0.5970149253731344,0.2554812353525924,0.3701492537313433,0.25881647106379935
flowers102,S4,Swin-T,swin_tiny,12,29,5,1.0,0.0,0.9793103448275862,0.03084231693103159,0.02068965517241379,0.030842316931031587
flowers102,S4,Swin-T,swin_tiny,13,28,5,0.9928571428571429,0.01597191412499849,0.9857142857142858,0.019561519910898783,0.00714285714285714,0.01597191412499849
flowers102,S4,Swin-T,swin_tiny,14,29,5,1.0,0.0,0.2827586206896552,0.19261020750026128,0.7172413793103448,0.19261020750026123
flowers102,S4,Swin-T,swin_tiny,15,21,5,0.9333333333333332,0.026082026547865022,0.11428571428571428,0.13718914562750414,0.819047619047619,0.14830868097521369
flowers102,S4,Swin-T,swin_tiny,16,65,5,0.9907692307692308,0.008426500884694833,0.7507692307692307,0.1311758384448751,0.24000000000000005,0.13743207036386024
flowers102,S4,Swin-T,swin_tiny,17,62,5,0.9548387096774194,0.021029685178073094,0.8870967741935484,0.15844260245474598,0.06774193548387095,0.16621513584500971
flowers102,S4,Swin-T,swin_tiny,18,29,5,0.9724137931034484,0.015421158465515773,0.8551724137931034,0.06632891055748741,0.11724137931034488,0.0715049701838887
flowers102,S4,Swin-T,swin_tiny,19,36,5,0.9888888888888889,0.015214515486254621,0.7333333333333334,0.1171945728318277,0.25555555555555554,0.11006451531199417
flowers102,S4,Swin-T,swin_tiny,20,20,5,0.9800000000000001,0.04472135954999578,0.61,0.14747881203752622,0.37,0.12549900398011132
flowers102,S4,Swin-T,swin_tiny,21,39,5,0.9743589743589742,0.018130943107347388,0.8871794871794872,0.08619351955882876,0.08717948717948718,0.10029542161850226
flowers102,S4,Swin-T,swin_tiny,22,71,5,0.8929577464788732,0.01889634910563206,0.8788732394366197,0.055091851311571655,0.014084507042253525,0.06298783035210673
flowers102,S4,Swin-T,swin_tiny,23,22,5,1.0,0.0,0.7181818181818181,0.14868570212541932,0.28181818181818186,0.14868570212541932
flowers102,S4,Swin-T,swin_tiny,24,21,5,1.0,0.0,0.8666666666666666,0.09159706696033973,0.13333333333333336,0.09159706696033972
flowers102,S4,Swin-T,swin_tiny,25,21,5,0.8571428571428571,0.0583211843519804,0.09523809523809523,0.05832118435198043,0.7619047619047619,0.047619047619047644
flowers102,S4,Swin-T,swin_tiny,26,20,5,1.0,0.0,0.64,0.14747881203752625,0.36,0.14747881203752625
flowers102,S4,Swin-T,swin_tiny,27,46,5,0.9913043478260869,0.011907012119677518,0.2391304347826087,0.17794245156244456,0.7521739130434784,0.17227489353181694
flowers102,S4,Swin-T,swin_tiny,28,58,5,0.9758620689655173,0.015421158465515766,0.5724137931034483,0.15726557587574316,0.40344827586206894,0.15450046080841276
flowers102,S4,Swin-T,swin_tiny,29,65,5,0.8615384615384615,0.024325212770525996,0.6092307692307692,0.15824481071536972,0.25230769230769234,0.1429196819999211
flowers102,S4,Swin-T,swin_tiny,30,32,5,0.95625,0.02795084971874737,0.76875,0.20082836266324536,0.1875,0.213096589015404
flowers102,S4,Swin-T,swin_tiny,31,25,5,0.808,0.05215361924162119,0.8,0.12328828005937954,0.008000000000000007,0.11798304963002104
flowers102,S4,Swin-T,swin_tiny,32,26,5,0.9692307692307693,0.017200522903844526,0.9076923076923077,0.021066252211737205,0.06153846153846154,0.0344010458076891
flowers102,S4,Swin-T,swin_tiny,33,20,5,1.0,0.0,0.8800000000000001,0.07582875444051546,0.12,0.07582875444051546
flowers102,S4,Swin-T,swin_tiny,34,23,5,1.0,0.0,0.9826086956521738,0.023814024239355035,0.017391304347826077,0.023814024239355032
flowers102,S4,Swin-T,swin_tiny,35,55,5,0.9818181818181818,0.0,0.9636363636363636,0.02874797872880346,0.018181818181818188,0.02874797872880346
flowers102,S4,Swin-T,swin_tiny,36,88,5,0.9954545454545455,0.00622411997164961,0.9590909090909092,0.03557380873295122,0.036363636363636355,0.03717142553135485
flowers102,S4,Swin-T,swin_tiny,37,36,5,1.0,0.0,0.9944444444444445,0.012422599874998837,0.005555555555555558,0.012422599874998837
flowers102,S4,Swin-T,swin_tiny,38,21,5,0.9619047619047618,0.03984095364447979,0.5047619047619047,0.19225361179225095,0.45714285714285713,0.21717627144745488
flowers102,S4,Swin-T,swin_tiny,39,47,5,0.9404255319148935,0.02774128683064957,0.625531914893617,0.1161476090549462,0.3148936170212766,0.10574275438118445
flowers102,S4,Swin-T,swin_tiny,40,107,5,0.9514018691588785,0.025077397878502317,0.9439252336448598,0.028037383177570093,0.007476635514018693,0.025077397878502317
flowers102,S4,Swin-T,swin_tiny,41,39,5,0.9692307692307691,0.0114670152692297,0.4666666666666666,0.14550011240113955,0.5025641025641026,0.15448584955273914
flowers102,S4,Swin-T,swin_tiny,42,110,5,0.7454545454545455,0.030828772650569436,0.40545454545454546,0.161680227201005,0.34,0.17540979174870003
flowers102,S4,Swin-T,swin_tiny,43,73,5,0.9972602739726029,0.006126213636985751,0.9698630136986301,0.029697922450244905,0.027397260273972622,0.03212613534125635
flowers102,S4,Swin-T,swin_tiny,44,20,5,1.0,0.0,0.86,0.10246950765959599,0.14000000000000004,0.10246950765959599
flowers102,S4,Swin-T,swin_tiny,45,176,5,0.975,0.006478269460790541,0.17954545454545454,0.17730550396289788,0.7954545454545454,0.1737837754792855
flowers102,S4,Swin-T,swin_tiny,46,47,5,1.0,0.0,0.5191489361702127,0.2911863621637964,0.48085106382978726,0.2911863621637964
flowers102,S4,Swin-T,swin_tiny,47,51,5,0.9607843137254901,0.01386483884679504,0.4470588235294118,0.15526143446924826,0.5137254901960785,0.1577182553112957
flowers102,S4,Swin-T,swin_tiny,48,29,5,1.0,0.0,0.8620689655172414,0.17582825908940639,0.13793103448275862,0.17582825908940639
flowers102,S4,Swin-T,swin_tiny,49,72,5,0.9527777777777778,0.01583576979304358,0.6305555555555555,0.32669902523028704,0.32222222222222224,0.33497857864070674
flowers102,S4,Swin-T,swin_tiny,50,238,5,0.6781512605042017,0.0542651572805477,0.6747899159663866,0.07262954768514926,0.0033613445378151362,0.10722109517806108
flowers102,S4,Swin-T,swin_tiny,51,65,5,0.9969230769230769,0.00688020916153779,0.8338461538461539,0.09383354265831945,0.16307692307692306,0.09886934777267464
flowers102,S4,Swin-T,swin_tiny,52,73,5,0.7506849315068493,0.03410931396709242,0.3780821917808219,0.15486118094315157,0.3726027397260274,0.1841434248099341
flowers102,S4,Swin-T,swin_tiny,53,41,5,1.0,0.0,0.751219512195122,0.15173005868288578,0.2487804878048781,0.15173005868288578
flowers102,S4,Swin-T,swin_tiny,54,51,5,0.9647058823529411,0.008768894029410909,0.592156862745098,0.27847279448858314,0.37254901960784315,0.27660266626795854
flowers102,S4,Swin-T,swin_tiny,55,89,5,0.997752808988764,0.005024871859550101,0.4943820224719101,0.2076372877817565,0.503370786516854,0.20906124150994385
flowers102,S4,Swin-T,swin_tiny,56,47,5,0.9914893617021276,0.011653671436280147,0.9872340425531915,0.019030365765955643,0.004255319148936154,0.00951518288297779
flowers102,S4,Swin-T,swin_tiny,57,94,5,1.0,0.0,0.48936170212765956,0.24812561254660853,0.5106382978723405,0.24812561254660853
flowers102,S4,Swin-T,swin_tiny,58,47,5,1.0,0.0,0.31063829787234043,0.2372125741645742,0.6893617021276596,0.2372125741645742
flowers102,S4,Swin-T,swin_tiny,59,89,5,0.997752808988764,0.005024871859550101,0.8943820224719101,0.08579150188234193,0.10337078651685394,0.08681547762733421
flowers102,S4,Swin-T,swin_tiny,60,30,5,1.0,0.0,0.3466666666666666,0.2410624630901939,0.6533333333333333,0.2410624630901939
flowers102,S4,Swin-T,swin_tiny,61,35,5,0.9257142857142856,0.03257644071711824,0.11428571428571428,0.09258200997725514,0.8114285714285714,0.09169603734789264
flowers102,S4,Swin-T,swin_tiny,62,34,5,1.0,0.0,0.5823529411764705,0.39591338048150215,0.4176470588235294,0.3959133804815021
flowers102,S4,Swin-T,swin_tiny,63,32,5,1.0,0.0,0.875,0.12303137303143455,0.125,0.12303137303143455
flowers102,S4,Swin-T,swin_tiny,64,82,5,0.978048780487805,0.018088288992916268,0.4439024390243903,0.1693322434898515,0.5341463414634147,0.17103631363832159
flowers102,S4,Swin-T,swin_tiny,65,41,5,1.0,0.0,0.8634146341463416,0.24304728133371925,0.13658536585365855,0.24304728133371928
flowers102,S4,Swin-T,swin_tiny,66,22,5,0.9272727272727274,0.051826155686324454,0.6090909090909091,0.19708621262435272,0.3181818181818182,0.21799234196875994
flowers102,S4,Swin-T,swin_tiny,67,34,5,0.9705882352941175,0.02079725827019258,0.9647058823529411,0.024607647839237523,0.005882352941176472,0.02460764783923752
flowers102,S4,Swin-T,swin_tiny,68,34,5,1.0,0.0,0.9,0.11504474832710555,0.1,0.11504474832710555
flowers102,S4,Swin-T,swin_tiny,69,42,5,1.0,0.0,0.7619047619047619,0.21095291841273034,0.23809523809523808,0.21095291841273034
flowers102,S4,Swin-T,swin_tiny,70,58,5,1.0,0.0,0.2896551724137931,0.256427481966596,0.7103448275862069,0.256427481966596
flowers102,S4,Swin-T,swin_tiny,71,76,5,0.8710526315789474,0.02696565991041999,0.6789473684210526,0.11936756242149185,0.19210526315789472,0.12434036478871
flowers102,S4,Swin-T,swin_tiny,72,174,5,0.9689655172413794,0.005140386155171918,0.8586206896551725,0.028037496362414868,0.11034482758620692,0.024852584264873183
flowers102,S4,Swin-T,swin_tiny,73,151,5,0.87682119205298,0.027545211050444246,0.24635761589403976,0.08421279130602294,0.6304635761589404,0.094170229392601
flowers102,S4,Swin-T,swin_tiny,74,100,5,0.986,0.015165750888103114,0.932,0.06220932405998317,0.054000000000000006,0.06426507605223852
flowers102,S4,Swin-T,swin_tiny,75,87,5,0.9540229885057471,0.014077527257374616,0.5862068965517241,0.14425172871277162,0.367816091954023,0.14356317237697463
flowers102,S4,Swin-T,swin_tiny,76,231,5,0.9688311688311689,0.01120534987493055,0.8822510822510822,0.036011488039974754,0.08658008658008658,0.03686014364919133
flowers102,S4,Swin-T,swin_tiny,77,117,5,0.9589743589743589,0.023716986197455752,0.8393162393162393,0.10699134238144338,0.11965811965811964,0.10554776953186724
flowers102,S4,Swin-T,swin_tiny,78,21,5,1.0,0.0,0.9523809523809523,0.03367175148507369,0.04761904761904765,0.03367175148507369
flowers102,S4,Swin-T,swin_tiny,79,85,5,0.9811764705882353,0.0134138285305781,0.7411764705882353,0.054550697032327664,0.24000000000000005,0.04893325727784804
flowers102,S4,Swin-T,swin_tiny,80,146,5,0.9931506849315068,0.008388663502682105,0.3904109589041096,0.09278230948043882,0.6027397260273972,0.08554791778627943
flowers102,S4,Swin-T,swin_tiny,81,92,5,0.923913043478261,0.020335094493336654,0.7891304347826087,0.13079659962166368,0.13478260869565217,0.12311911947516627
flowers102,S4,Swin-T,swin_tiny,82,111,5,0.8576576576576576,0.023319241631612243,0.5873873873873874,0.14931600128992933,0.2702702702702703,0.135435102507864
flowers102,S4,Swin-T,swin_tiny,83,66,5,0.7878787878787878,0.06247129735784334,0.3424242424242424,0.12703802312881565,0.44545454545454544,0.11113406558116509
flowers102,S4,Swin-T,swin_tiny,84,43,5,0.9813953488372092,0.010400316174417645,0.5813953488372093,0.21939491004782802,0.3999999999999999,0.21466010714817352
flowers102,S4,Swin-T,swin_tiny,85,38,5,0.9894736842105264,0.014413751513293828,0.9473684210526315,0.01860807318911969,0.04210526315789478,0.023537557657892515
flowers102,S4,Swin-T,swin_tiny,86,43,5,0.9767441860465116,0.01644434374852435,0.9395348837209303,0.042246284010662674,0.037209302325581374,0.03891441983879419
flowers102,S4,Swin-T,swin_tiny,87,134,5,0.864179104477612,0.014354764225127858,0.7761194029850746,0.04254385914549023,0.0880597014925373,0.055193618170449536
flowers102,S4,Swin-T,swin_tiny,88,164,5,0.95,0.021297864873869476,0.25365853658536586,0.18204053584969743,0.6963414634146341,0.1780550449950397
flowers102,S4,Swin-T,swin_tiny,89,62,5,0.8580645161290322,0.05023358549160464,0.1838709677419355,0.140886889044661,0.6741935483870967,0.18262167554475048
flowers102,S4,Swin-T,swin_tiny,90,56,5,0.9785714285714284,0.02328286573286661,0.8642857142857142,0.046565731465733236,0.11428571428571428,0.0448210728500398
flowers102,S4,Swin-T,swin_tiny,91,46,5,0.9695652173913043,0.024786422284763854,0.7086956521739131,0.17295934157318335,0.2608695652173913,0.18188261446392948
flowers102,S4,Swin-T,swin_tiny,92,26,5,0.9461538461538461,0.021066252211737142,0.8,0.08338262841799536,0.1461538461538462,0.0788226981996892
flowers102,S4,Swin-T,swin_tiny,93,142,5,0.9788732394366197,0.009959250439247135,0.9591549295774648,0.023035813005346684,0.01971830985915497,0.01681314983987795
flowers102,S4,Swin-T,swin_tiny,94,108,5,0.951851851851852,0.010143010324169713,0.888888888888889,0.03402069087198859,0.06296296296296296,0.02808472386685763
flowers102,S4,Swin-T,swin_tiny,95,71,5,0.8422535211267606,0.018363950437190534,0.2704225352112676,0.130766133954199,0.571830985915493,0.1378555977830102
flowers102,S4,Swin-T,swin_tiny,96,46,5,0.8826086956521738,0.03637652289278587,0.717391304347826,0.1108482502954953,0.1652173913043478,0.13187609467915737
flowers102,S4,Swin-T,swin_tiny,97,62,5,0.9483870967741936,0.02392322092611507,0.7806451612903226,0.08580281340819604,0.167741935483871,0.06308905553421917
flowers102,S4,Swin-T,swin_tiny,98,43,5,0.9534883720930234,1.2412670766236366e-16,0.9395348837209301,0.026515707560445075,0.01395348837209307,0.02651570756044508
flowers102,S4,Swin-T,swin_tiny,99,29,5,0.993103448275862,0.015421158465515774,0.21379310344827585,0.19106062313372507,0.7793103448275862,0.18665336003757735
flowers102,S4,Swin-T,swin_tiny,100,38,5,0.9736842105263157,0.026315789473684237,0.4052631578947368,0.08445687650463796,0.5684210526315789,0.08846177007353477
flowers102,S4,Swin-T,swin_tiny,101,28,5,0.9785714285714286,0.019561519910898783,0.5642857142857143,0.3277162784844132,0.4142857142857143,0.3288818409491811
