dataset,model,seed,bin,n,acc,macro_f1,uar
cub200,resnet50,0,overall,5794,0.7875388332758025,0.7882345075849589,0.7895538956887296
cub200,resnet50,0,low,1930,0.7575129533678756,0.7561387685161671,0.772423560751577
cub200,resnet50,0,mid,1934,0.795760082730093,0.7765088750818261,0.7851722608531818
cub200,resnet50,0,high,1930,0.8093264248704664,0.7547307551901783,0.7799604023259176
cub200,resnet50,1,overall,5794,0.7833966171901967,0.782986983075771,0.7852449377662034
cub200,resnet50,1,low,1930,0.7601036269430052,0.7526756105028117,0.7716634289306483
cub200,resnet50,1,mid,1934,0.795243019648397,0.7706262607150434,0.7810448144691565
cub200,resnet50,1,high,1930,0.794818652849741,0.741367737784242,0.7718445244629841
cub200,resnet50,2,overall,5794,0.7887469796341042,0.7891142798742316,0.7906928557194083
cub200,resnet50,2,low,1930,0.7637305699481866,0.7530084314557525,0.77119317975316
cub200,resnet50,2,mid,1934,0.8050672182006204,0.781653069638196,0.7893549462233673
cub200,resnet50,2,high,1930,0.7974093264248705,0.7463563440011951,0.776709153857558
cub200,resnet50,3,overall,5794,0.7856403175698999,0.7854495367604453,0.7876817789928142
cub200,resnet50,3,low,1930,0.7575129533678756,0.7470376683506946,0.7672252053053146
cub200,resnet50,3,mid,1934,0.8019648397104446,0.7808692683838606,0.7893985301978723
cub200,resnet50,3,high,1930,0.7974093264248705,0.7508028602745966,0.7816921741108083
cub200,resnet50,4,overall,5794,0.7909906800138073,0.7906234681564023,0.7925398161338151
cub200,resnet50,4,low,1930,0.7632124352331606,0.7581234088146772,0.7770272445333736
cub200,resnet50,4,mid,1934,0.8014477766287487,0.7816318536662895,0.7884757212816423
cub200,resnet50,4,high,1930,0.8082901554404145,0.750508612957029,0.7809858068667915
cub200,convnext_tiny_in1k,0,overall,5794,0.8413876423886779,0.8409589345851981,0.8436565673506613
cub200,convnext_tiny_in1k,0,low,1930,0.8139896373056995,0.804315470757762,0.8262562906130817
cub200,convnext_tiny_in1k,0,mid,1934,0.8557394002068253,0.8397035708697564,0.8482113259547469
cub200,convnext_tiny_in1k,0,high,1930,0.8544041450777202,0.812602896648027,0.8376015822601641
cub200,convnext_tiny_in1k,1,overall,5794,0.8332758025543666,0.8323011014707609,0.8350186066392175
cub200,convnext_tiny_in1k,1,low,1930,0.810880829015544,0.8071534118987691,0.8247981861156599
cub200,convnext_tiny_in1k,1,mid,1934,0.8474663908996898,0.8288895225653776,0.8370468584777795
cub200,convnext_tiny_in1k,1,high,1930,0.8414507772020725,0.7856681448540668,0.8136192630645824
cub200,convnext_tiny_in1k,2,overall,5794,0.840006903693476,0.8394778607940574,0.8422951691155549
cub200,convnext_tiny_in1k,2,low,1930,0.8077720207253886,0.8010731532856726,0.819910425894809
cub200,convnext_tiny_in1k,2,mid,1934,0.8624612202688728,0.8464669550362994,0.8554085107144317
cub200,convnext_tiny_in1k,2,high,1930,0.8497409326424871,0.7913948022274064,0.8199650882064397
cub200,convnext_tiny_in1k,3,overall,5794,0.8377632033137729,0.8376414227740248,0.8399301633892496
cub200,convnext_tiny_in1k,3,low,1930,0.8196891191709844,0.8118120216572686,0.8293250869104928
cub200,convnext_tiny_in1k,3,mid,1934,0.8505687693898656,0.8355615075202436,0.8468656091715303
cub200,convnext_tiny_in1k,3,high,1930,0.8430051813471503,0.7884075597087932,0.8137919143737506
cub200,convnext_tiny_in1k,4,overall,5794,0.8348291335864687,0.833711160819943,0.8366540838826605
cub200,convnext_tiny_in1k,4,low,1930,0.8098445595854922,0.7962884845549358,0.8149661034935423
cub200,convnext_tiny_in1k,4,mid,1934,0.8448810754912099,0.828926333585124,0.8371479032663244
cub200,convnext_tiny_in1k,4,high,1930,0.8497409326424871,0.8062977663853202,0.8306237703614802
cub200,vit_small_in1k,0,overall,5794,0.7959958577839144,0.7942205368329696,0.7975935726716915
cub200,vit_small_in1k,0,low,1930,0.7715025906735752,0.7692079632540932,0.7913500125680475
cub200,vit_small_in1k,0,mid,1934,0.8107549120992761,0.7920128906733788,0.8006277593021014
cub200,vit_small_in1k,0,high,1930,0.805699481865285,0.746798650697546,0.7728079838091929
cub200,vit_small_in1k,1,overall,5794,0.7884017949603037,0.7867087275132036,0.7893373317153402
cub200,vit_small_in1k,1,low,1930,0.7518134715025907,0.7411372991387363,0.7651556553879714
cub200,vit_small_in1k,1,mid,1934,0.8076525336091003,0.785560192004846,0.7949481611225033
cub200,vit_small_in1k,1,high,1930,0.805699481865285,0.7473853435368021,0.7758111355519101
cub200,vit_small_in1k,2,overall,5794,0.7963410424577149,0.7950949432412944,0.7979956546087099
cub200,vit_small_in1k,2,low,1930,0.7663212435233161,0.7673583573727683,0.7952768688246388
cub200,vit_small_in1k,2,mid,1934,0.8138572905894519,0.7891607380578433,0.7977859067102487
cub200,vit_small_in1k,2,high,1930,0.8088082901554404,0.7508994945452033,0.781661857426311
cub200,vit_small_in1k,3,overall,5794,0.7923714187090093,0.7899934796077289,0.7943367297552771
cub200,vit_small_in1k,3,low,1930,0.7735751295336788,0.7760877244265637,0.7969323753990374
cub200,vit_small_in1k,3,mid,1934,0.8061013443640124,0.7838581004212883,0.794434979859322
cub200,vit_small_in1k,3,high,1930,0.7974093264248705,0.7332098448758495,0.7692870414443317
cub200,vit_small_in1k,4,overall,5794,0.8025543665861236,0.801825972277899,0.8040375744973908
cub200,vit_small_in1k,4,low,1930,0.778238341968912,0.7773384274598851,0.7963478330378453
cub200,vit_small_in1k,4,mid,1934,0.8174767321613237,0.8002022814715197,0.8077084910703333
cub200,vit_small_in1k,4,high,1930,0.8119170984455959,0.7550213952293325,0.7830586357030281
cub200,swin_tiny,0,overall,5794,0.8412150500517777,0.8402773072911409,0.8422531440907712
cub200,swin_tiny,0,low,1930,0.8139896373056995,0.8148143859723567,0.8348506080785808
cub200,swin_tiny,0,mid,1934,0.860392967942089,0.8474469708298519,0.8556902636836847
cub200,swin_tiny,0,high,1930,0.8492227979274611,0.7950723805369393,0.8216882378757896
cub200,swin_tiny,1,overall,5794,0.8451846738004832,0.8435831458325819,0.8467726754228962
cub200,swin_tiny,1,low,1930,0.8217616580310881,0.8150994510429547,0.838913931439975
cub200,swin_tiny,1,mid,1934,0.860392967942089,0.8437391296283684,0.8515231391415603
cub200,swin_tiny,1,high,1930,0.8533678756476684,0.8046032047812818,0.8366275338930982
cub200,swin_tiny,2,overall,5794,0.8496720745598896,0.8490276356894038,0.8515866263395461
cub200,swin_tiny,2,low,1930,0.8305699481865285,0.8255767129198595,0.8456508183329111
cub200,swin_tiny,2,mid,1934,0.8567735263702172,0.8441352334940916,0.8527475189284399
cub200,swin_tiny,2,high,1930,0.8616580310880829,0.8048006359844948,0.8311166320750504
cub200,swin_tiny,3,overall,5794,0.8489817052122886,0.8481309344898083,0.8509546068791907
cub200,swin_tiny,3,low,1930,0.8191709844559586,0.8216947629264806,0.8449069728218155
cub200,swin_tiny,3,mid,1934,0.8541882109617374,0.8395732153592478,0.8485999928434138
cub200,swin_tiny,3,high,1930,0.8735751295336788,0.8333418737393862,0.8539991520423657
cub200,swin_tiny,4,overall,5794,0.8488091128753883,0.8479545316310378,0.8510836160494687
cub200,swin_tiny,4,low,1930,0.8238341968911918,0.820615066596003,0.8433872192215063
cub200,swin_tiny,4,mid,1934,0.859358841778697,0.8432981208391035,0.8521763470447681
cub200,swin_tiny,4,high,1930,0.8632124352331606,0.8120455231587542,0.8390342026255356
cub200,convnext_tiny,0,overall,5794,0.8833275802554367,0.8832229166171043,0.8845561036936007
cub200,convnext_tiny,0,low,1930,0.8658031088082901,0.8615411220287195,0.882602615440361
cub200,convnext_tiny,0,mid,1934,0.8872802481902792,0.8743404563429954,0.8805850217034427
cub200,convnext_tiny,0,high,1930,0.8968911917098445,0.8623803257476413,0.8812031317911724
cub200,convnext_tiny,1,overall,5794,0.8897134967207456,0.8892189685160562,0.8911230761728868
cub200,convnext_tiny,1,low,1930,0.8673575129533678,0.8623273170542609,0.8810120521170355
cub200,convnext_tiny,1,mid,1934,0.904860392967942,0.894001991799313,0.9017569261878472
cub200,convnext_tiny,1,high,1930,0.8968911917098445,0.8614713793303993,0.8823760135924446
cub200,convnext_tiny,2,overall,5794,0.8841905419399378,0.8843010526529076,0.8858289234240864
cub200,convnext_tiny,2,low,1930,0.8652849740932642,0.8599299856965124,0.8798940618535439
cub200,convnext_tiny,2,mid,1934,0.8950361944157187,0.8817755782265614,0.8886765066074277
cub200,convnext_tiny,2,high,1930,0.8922279792746114,0.8609115883469736,0.8821817663067228
cub200,convnext_tiny,3,overall,5794,0.8883327580255437,0.8883268899694481,0.8898105113014764
cub200,convnext_tiny,3,low,1930,0.8699481865284974,0.8647163919578861,0.8844743015687363
cub200,convnext_tiny,3,mid,1934,0.9012409513960704,0.8870738632961445,0.894980209848631
cub200,convnext_tiny,3,high,1930,0.8937823834196891,0.8650170526703934,0.8851844204998754
cub200,convnext_tiny,4,overall,5794,0.8874697963410425,0.8875434376899648,0.8887423136189412
cub200,convnext_tiny,4,low,1930,0.8673575129533678,0.8627124869170163,0.8825319881711607
cub200,convnext_tiny,4,mid,1934,0.8981385729058945,0.8846412004214224,0.8931717613526824
cub200,convnext_tiny,4,high,1930,0.8968911917098445,0.8655841111987845,0.886045695665576
cub200,vit_small,0,overall,5794,0.8503624439074905,0.8487309462480128,0.8512916718770502
cub200,vit_small,0,low,1930,0.8186528497409327,0.8166055820071301,0.8411496467029405
cub200,vit_small,0,mid,1934,0.8707342295760083,0.855800955075349,0.8638942541376751
cub200,vit_small,0,high,1930,0.8616580310880829,0.8149754071266497,0.8424220318582756
cub200,vit_small,1,overall,5794,0.8463928201587849,0.8452684595112094,0.8481465488556351
cub200,vit_small,1,low,1930,0.816580310880829,0.8160777421296236,0.8404407114199016
cub200,vit_small,1,mid,1934,0.8671147880041365,0.8535354898953165,0.8622200255884467
cub200,vit_small,1,high,1930,0.855440414507772,0.8102868341129509,0.8324918750443703
cub200,vit_small,2,overall,5794,0.8503624439074905,0.8491103074313742,0.8524363294280443
cub200,vit_small,2,low,1930,0.816580310880829,0.8172878673735703,0.8422890700728479
cub200,vit_small,2,mid,1934,0.8702171664943124,0.856104402322375,0.8643965478965479
cub200,vit_small,2,high,1930,0.8642487046632125,0.8152263763401004,0.841073838408319
cub200,vit_small,3,overall,5794,0.8477735588539869,0.8460430281785292,0.8487563462055887
cub200,vit_small,3,low,1930,0.8212435233160622,0.8184930505665458,0.8415798834941609
cub200,vit_small,3,mid,1934,0.8634953464322648,0.8443128025565979,0.8531057925992136
cub200,vit_small,3,high,1930,0.8585492227979274,0.81138393595204,0.8325853593540778
cub200,vit_small,4,overall,5794,0.8543320676561961,0.8534626234442894,0.8562679416509212
cub200,vit_small,4,low,1930,0.8243523316062176,0.8234892159379729,0.8475171511885073
cub200,vit_small,4,mid,1934,0.8748707342295761,0.8579272002016191,0.865531040961962
cub200,vit_small,4,high,1930,0.8637305699481865,0.8149441299068916,0.8393522303741002
cub200,resnet50_gray,0,overall,5794,0.0428028995512599,0.0443231737415003,0.0448953403181683
cub200,resnet50_gray,0,low,1930,0.1005181347150259,0.0669155000968551,0.073970349567266
cub200,resnet50_gray,0,mid,1934,0.0170630816959669,0.0160320301714611,0.019002886002886
cub200,resnet50_gray,0,high,1930,0.010880829015544,0.0070420945876553,0.0084501059306971
cub200,resnet50_gray,1,overall,5794,0.0609250949257852,0.068326611427675,0.0633308647282647
cub200,resnet50_gray,1,low,1930,0.1507772020725388,0.1124684857942158,0.1092115026994747
cub200,resnet50_gray,1,mid,1934,0.0258531540847983,0.0281918398990158,0.0281631562881562
cub200,resnet50_gray,1,high,1930,0.0062176165803108,0.0003409727901374,0.0086140593754806
cub200,resnet50_gray,2,overall,5794,0.040041422160856,0.0407581042098666,0.0423114162856528
cub200,resnet50_gray,2,low,1930,0.0911917098445595,0.0702285812561092,0.0723747099031705
cub200,resnet50_gray,2,mid,1934,0.0211995863495346,0.0177911312260769,0.0226512099012099
cub200,resnet50_gray,2,high,1930,0.0077720207253886,0.0028224254768964,0.0083575427260109
cub200,resnet50_gray,3,overall,5794,0.01432516396272,0.0131733448682138,0.0155429664696018
cub200,resnet50_gray,3,low,1930,0.0347150259067357,0.0204531412468655,0.0262612957936282
cub200,resnet50_gray,3,mid,1934,0.0067218200620475,0.0041977970546074,0.0072808441558441
cub200,resnet50_gray,3,high,1930,0.0015544041450777,4.240779088809403e-05,0.0025380710659898
cub200,resnet50_gray,4,overall,5794,0.0176044183638246,0.0211023635464059,0.0175720927130419
cub200,resnet50_gray,4,low,1930,0.0445595854922279,0.0363098132949269,0.0338312936164458
cub200,resnet50_gray,4,mid,1934,0.0056876938986556,0.0037500410426429,0.0050423881673881
cub200,resnet50_gray,4,high,1930,0.0025906735751295,0.0015301727821167,0.0015749056358193
cub200,convnext_tiny_in1k_gray,0,overall,5794,0.6962374870555748,0.6974019826500377,0.6993563837352403
cub200,convnext_tiny_in1k_gray,0,low,1930,0.6989637305699482,0.6404900212646369,0.6750693758739007
cub200,convnext_tiny_in1k_gray,0,mid,1934,0.7063081695966908,0.6884810631015026,0.6966486149084834
cub200,convnext_tiny_in1k_gray,0,high,1930,0.683419689119171,0.6668794180441501,0.6974048267307158
cub200,convnext_tiny_in1k_gray,1,overall,5794,0.6901967552640663,0.6938873298040604,0.6938874623276896
cub200,convnext_tiny_in1k_gray,1,low,1930,0.6984455958549223,0.6446215761310561,0.6783353205876048
cub200,convnext_tiny_in1k_gray,1,mid,1934,0.704239917269907,0.6858759727929032,0.6980573487185331
cub200,convnext_tiny_in1k_gray,1,high,1930,0.6678756476683938,0.6495965260604503,0.6683851662641841
cub200,convnext_tiny_in1k_gray,2,overall,5794,0.6846738004832585,0.6855380140963294,0.6883506327111433
cub200,convnext_tiny_in1k_gray,2,low,1930,0.7031088082901554,0.6511721159081989,0.6886120964035475
cub200,convnext_tiny_in1k_gray,2,mid,1934,0.6913133402275078,0.6639583051635495,0.6769572594802858
cub200,convnext_tiny_in1k_gray,2,high,1930,0.6595854922279792,0.6430160694437879,0.6793013726926102
cub200,convnext_tiny_in1k_gray,3,overall,5794,0.6736278909216431,0.6740995785802412,0.6767087241347283
cub200,convnext_tiny_in1k_gray,3,low,1930,0.6917098445595855,0.6237011124688603,0.656983936266242
cub200,convnext_tiny_in1k_gray,3,mid,1934,0.6825232678386763,0.6660833580694416,0.6788721516057044
cub200,convnext_tiny_in1k_gray,3,high,1930,0.6466321243523316,0.6323304859438256,0.661462363021642
cub200,convnext_tiny_in1k_gray,4,overall,5794,0.6789782533655506,0.6816378268046729,0.6824307844726648
cub200,convnext_tiny_in1k_gray,4,low,1930,0.6932642487046632,0.6298908724337378,0.662058848435575
cub200,convnext_tiny_in1k_gray,4,mid,1934,0.6907962771458118,0.6724180019578099,0.6805521229501494
cub200,convnext_tiny_in1k_gray,4,high,1930,0.6528497409326425,0.6283713428926816,0.6602348335348743
cub200,vit_small_in1k_gray,0,overall,5794,0.5617880566102865,0.5549255247804945,0.5649797477153077
cub200,vit_small_in1k_gray,0,low,1930,0.6217616580310881,0.5487675800343507,0.5821225302614192
cub200,vit_small_in1k_gray,0,mid,1934,0.5703205791106515,0.5443860593801311,0.5626270936665674
cub200,vit_small_in1k_gray,0,high,1930,0.4932642487046632,0.4938631561131572,0.5303969314033915
cub200,vit_small_in1k_gray,1,overall,5794,0.5554021401449776,0.5477839184437929,0.5599018547180191
cub200,vit_small_in1k_gray,1,low,1930,0.6217616580310881,0.541154242408104,0.5803131551151435
cub200,vit_small_in1k_gray,1,mid,1934,0.5579110651499483,0.535275422879505,0.5531802444631392
cub200,vit_small_in1k_gray,1,high,1930,0.4865284974093264,0.4795378163583501,0.5250194439700512
cub200,vit_small_in1k_gray,2,overall,5794,0.5510873317224715,0.5418069415459208,0.554955034308739
cub200,vit_small_in1k_gray,2,low,1930,0.6005181347150259,0.5299696473350535,0.5724215149931441
cub200,vit_small_in1k_gray,2,mid,1934,0.5568769389865563,0.530453334101309,0.5499726716996455
cub200,vit_small_in1k_gray,2,high,1930,0.4958549222797927,0.4786557753749765,0.5221750389651443
cub200,vit_small_in1k_gray,3,overall,5794,0.5453917846047636,0.536308822867277,0.5490108405729017
cub200,vit_small_in1k_gray,3,low,1930,0.583419689119171,0.5161639965059994,0.5533460892096227
cub200,vit_small_in1k_gray,3,mid,1934,0.5641158221302999,0.5320961241985456,0.5474801105327421
cub200,vit_small_in1k_gray,3,high,1930,0.4886010362694301,0.4762680528801223,0.5233477498678355
cub200,vit_small_in1k_gray,4,overall,5794,0.5766309975837073,0.5711157699123354,0.5800025105443318
cub200,vit_small_in1k_gray,4,low,1930,0.6145077720207254,0.5583165894407452,0.585272489689965
cub200,vit_small_in1k_gray,4,mid,1934,0.5889348500517063,0.5602011069993187,0.5761975648620385
cub200,vit_small_in1k_gray,4,high,1930,0.5264248704663212,0.5066892535836803,0.555405556440923
cub200,swin_tiny_gray,0,overall,5794,0.7153952364515016,0.7134118267539651,0.7182817319855708
cub200,swin_tiny_gray,0,low,1930,0.7316062176165803,0.6863829194909458,0.7233007521172078
cub200,swin_tiny_gray,0,mid,1934,0.7290589451913133,0.7082077583128585,0.7213459869808554
cub200,swin_tiny_gray,0,high,1930,0.6854922279792746,0.6606542523218125,0.6942089879541272
cub200,swin_tiny_gray,1,overall,5794,0.7202278218847084,0.7170803643082359,0.7230745024889861
cub200,swin_tiny_gray,1,low,1930,0.7196891191709844,0.6686382552076485,0.7048789293746855
cub200,swin_tiny_gray,1,mid,1934,0.7378490175801448,0.7184897374125415,0.7293482920588183
cub200,swin_tiny_gray,1,high,1930,0.7031088082901554,0.6704911915251194,0.7093977305530638
cub200,swin_tiny_gray,2,overall,5794,0.7186744908526062,0.7175367455988331,0.7214396976408537
cub200,swin_tiny_gray,2,low,1930,0.7212435233160622,0.6679107113661346,0.7031583288492246
cub200,swin_tiny_gray,2,mid,1934,0.7264736297828335,0.7134131503263136,0.7216203281367755
cub200,swin_tiny_gray,2,high,1930,0.7082901554404145,0.6787964130849494,0.7111878021614474
cub200,swin_tiny_gray,3,overall,5794,0.7167759751467034,0.7162734082913832,0.720433098638417
cub200,swin_tiny_gray,3,low,1930,0.727979274611399,0.6812916540211333,0.7154266350294571
cub200,swin_tiny_gray,3,mid,1934,0.7192347466390899,0.6996476394586094,0.7114116661846924
cub200,swin_tiny_gray,3,high,1930,0.7031088082901554,0.682380443171417,0.7160706977769417
cub200,swin_tiny_gray,4,overall,5794,0.7179841215050051,0.717396016315227,0.7210434907443312
cub200,swin_tiny_gray,4,low,1930,0.7253886010362695,0.6726462885220024,0.7089048232799211
cub200,swin_tiny_gray,4,mid,1934,0.7295760082730093,0.7053517239979774,0.7178905206635469
cub200,swin_tiny_gray,4,high,1930,0.6989637305699482,0.6718623626665696,0.7031685137528082
cub200,resnet50_tv_sgd,0,overall,5794,0.8075595443562306,0.8066807130411949,0.8092657215092907
cub200,resnet50_tv_sgd,0,low,1930,0.7839378238341969,0.7805528800895155,0.8048711680987582
cub200,resnet50_tv_sgd,0,mid,1934,0.8262668045501551,0.8096359795246684,0.8180799156983367
cub200,resnet50_tv_sgd,0,high,1930,0.8124352331606217,0.7573768435042131,0.7858862870864131
cub200,resnet50_tv_sgd,1,overall,5794,0.8103210217466345,0.8091065530645796,0.8129481174477229
cub200,resnet50_tv_sgd,1,low,1930,0.7891191709844559,0.7758345975400062,0.8042158846682859
cub200,resnet50_tv_sgd,1,mid,1934,0.8195449844881075,0.8015289918336793,0.8144818887253098
cub200,resnet50_tv_sgd,1,high,1930,0.822279792746114,0.7718094300177227,0.80134916276805
cub200,resnet50_tv_sgd,2,overall,5794,0.812219537452537,0.811186742844028,0.814144708199411
cub200,resnet50_tv_sgd,2,low,1930,0.7870466321243523,0.779738652252905,0.8011079304182901
cub200,resnet50_tv_sgd,2,mid,1934,0.8231644260599793,0.8076031130340027,0.8176361606230027
cub200,resnet50_tv_sgd,2,high,1930,0.8264248704663213,0.7738691720644533,0.8013806949158464
cub200,resnet50_tv_sgd,3,overall,5794,0.8170521228857439,0.8164069143857366,0.8194274706796604
cub200,resnet50_tv_sgd,3,low,1930,0.7927461139896373,0.7843682987002266,0.8069018297894947
cub200,resnet50_tv_sgd,3,mid,1934,0.8314374353671148,0.8141497822143984,0.8259351784910995
cub200,resnet50_tv_sgd,3,high,1930,0.8269430051813471,0.7802192063539454,0.8050294203098689
cub200,resnet50_tv_sgd,4,overall,5794,0.8154987918536417,0.8158217800603685,0.817908604253353
cub200,resnet50_tv_sgd,4,low,1930,0.7927461139896373,0.7912011678545089,0.8139721107005443
cub200,resnet50_tv_sgd,4,mid,1934,0.8314374353671148,0.8181218183458168,0.8276783034217244
cub200,resnet50_tv_sgd,4,high,1930,0.822279792746114,0.7728323401120177,0.7993757737147017
cub200,resnet50_adamw_lr1e3,0,overall,5794,0.818605453917846,0.8179408844160261,0.8202111914705026
cub200,resnet50_adamw_lr1e3,0,low,1930,0.7854922279792746,0.7904448702635541,0.8095957874540264
cub200,resnet50_adamw_lr1e3,0,mid,1934,0.8407445708376422,0.8218651152695935,0.8270849315158526
cub200,resnet50_adamw_lr1e3,0,high,1930,0.8295336787564767,0.7766086067796951,0.8019836151121233
cub200,resnet50_adamw_lr1e3,1,overall,5794,0.8210217466344494,0.8210383218390129,0.8225628074686506
cub200,resnet50_adamw_lr1e3,1,low,1930,0.7937823834196891,0.7934421153093862,0.8168993696984805
cub200,resnet50_adamw_lr1e3,1,mid,1934,0.8329886246122027,0.816308140012275,0.8244244877929089
cub200,resnet50_adamw_lr1e3,1,high,1930,0.8362694300518134,0.7801606714404917,0.8031329300872071
cub200,resnet50_adamw_lr1e3,2,overall,5794,0.8191232309285468,0.8185682506517142,0.8210159836152695
cub200,resnet50_adamw_lr1e3,2,low,1930,0.7922279792746114,0.7953648037247109,0.8150461241429549
cub200,resnet50_adamw_lr1e3,2,mid,1934,0.827817993795243,0.8111181658219312,0.8212358431042642
cub200,resnet50_adamw_lr1e3,2,high,1930,0.8373056994818653,0.7816823056654272,0.808226595001441
cub200,resnet50_adamw_lr1e3,3,overall,5794,0.8184328615809459,0.8184296810593245,0.8202742470084458
cub200,resnet50_adamw_lr1e3,3,low,1930,0.794300518134715,0.7892231777732147,0.8122324472225173
cub200,resnet50_adamw_lr1e3,3,mid,1934,0.8262668045501551,0.8057410687844078,0.814448998004919
cub200,resnet50_adamw_lr1e3,3,high,1930,0.8347150259067357,0.7842306550500417,0.8067789535339174
cub200,resnet50_adamw_lr1e3,4,overall,5794,0.8165343458750431,0.8172435919171045,0.8183961630040499
cub200,resnet50_adamw_lr1e3,4,low,1930,0.7823834196891192,0.7850785232910148,0.8081208167214715
cub200,resnet50_adamw_lr1e3,4,mid,1934,0.8335056876938987,0.8163569147981505,0.8226996501305712
cub200,resnet50_adamw_lr1e3,4,high,1930,0.833678756476684,0.7779996657890115,0.8031966089695081
cub200,resnet50_sgd,0,overall,5794,0.7547462892647566,0.7544360076228742,0.7560565166850182
cub200,resnet50_sgd,0,low,1930,0.7300518134715026,0.713809056703587,0.7307380241445398
cub200,resnet50_sgd,0,mid,1934,0.7776628748707343,0.7598489984291565,0.7665117017485439
cub200,resnet50_sgd,0,high,1930,0.7564766839378239,0.7044057318974812,0.7329449787093998
cub200,resnet50_sgd,1,overall,5794,0.7509492578529513,0.7498621127064468,0.7529152661307438
cub200,resnet50_sgd,1,low,1930,0.727979274611399,0.7054517959129553,0.7289511160856101
cub200,resnet50_sgd,1,mid,1934,0.7683557394002068,0.7465171748305803,0.7587051680045102
cub200,resnet50_sgd,1,high,1930,0.7564766839378239,0.705801041351381,0.7369886686698205
cub200,resnet50_sgd,2,overall,5794,0.752847773558854,0.7523658286936659,0.7547576756245382
cub200,resnet50_sgd,2,low,1930,0.7367875647668394,0.7101037103910034,0.7329287662845205
cub200,resnet50_sgd,2,mid,1934,0.7673216132368149,0.7480545270957032,0.758418440842783
cub200,resnet50_sgd,2,high,1930,0.7544041450777202,0.7079638835884707,0.7318845397106933
cub200,resnet50_sgd,3,overall,5794,0.7483603727994477,0.747934523071204,0.7499900471593836
cub200,resnet50_sgd,3,low,1930,0.7259067357512954,0.7062941593436881,0.7281549047685427
cub200,resnet50_sgd,3,mid,1934,0.7683557394002068,0.7512986092888281,0.7589605540658172
cub200,resnet50_sgd,3,high,1930,0.7507772020725388,0.7050768339241015,0.7304270504263961
cub200,resnet50_sgd,4,overall,5794,0.755781843286158,0.7552155266946176,0.7578174560884259
cub200,resnet50_sgd,4,low,1930,0.7404145077720208,0.7100483914429071,0.7308850631634287
cub200,resnet50_sgd,4,mid,1934,0.7699069286452948,0.7500089922326751,0.7619812990372199
cub200,resnet50_sgd,4,high,1930,0.7569948186528498,0.7135441010774153,0.741318659029612
