dataset,model,seed,condition,kind,param,n,acc,macro_f1,uar
flowers102,resnet50,0,clean,clean,0,6149,0.8476174987802895,0.8395354033871811,0.8663582554206014
flowers102,resnet50,0,grayscale,grayscale,,6149,0.500406570174012,0.4641543704903862,0.5280656465604315
flowers102,resnet50,0,hue_-0.500,hue,-0.5,6149,0.5360221174174663,0.5295973371903374,0.5771915838356985
flowers102,resnet50,0,hue_-0.250,hue,-0.25,6149,0.5761912506098552,0.5464821947541298,0.5944096579828573
flowers102,resnet50,0,hue_-0.083,hue,-0.083,6149,0.778988453407058,0.7584703865126697,0.7865657572844121
flowers102,resnet50,0,hue_+0.083,hue,0.083,6149,0.7541063587575215,0.7441098447539781,0.7735094877150268
flowers102,resnet50,0,hue_+0.250,hue,0.25,6149,0.5524475524475524,0.5423421029668191,0.5710638297198477
flowers102,resnet50,0,hue_+0.500,hue,0.5,6149,0.5360221174174663,0.5295973371903374,0.5771915838356985
flowers102,resnet50,0,shuffle_021,shuffle,"(0, 2, 1)",6149,0.6721418116766954,0.6561315470242685,0.6874901938895548
flowers102,resnet50,0,shuffle_102,shuffle,"(1, 0, 2)",6149,0.683037892340218,0.6715198077537289,0.7084823246536878
flowers102,resnet50,0,shuffle_120,shuffle,"(1, 2, 0)",6149,0.5451292893153358,0.5148115122329948,0.5642493968750154
flowers102,resnet50,0,shuffle_201,shuffle,"(2, 0, 1)",6149,0.5547243454220199,0.5461585518852609,0.5756377475367833
flowers102,resnet50,0,shuffle_210,shuffle,"(2, 1, 0)",6149,0.5568385103268825,0.5433565907655219,0.586744537047186
flowers102,resnet50,0,quant_2,quant,2,6149,0.2540250447227191,0.2367739087137139,0.2553426233683287
flowers102,resnet50,0,quant_4,quant,4,6149,0.5306553911205074,0.5098453154392525,0.5536711612007461
flowers102,resnet50,0,quant_8,quant,8,6149,0.7059684501544967,0.6916140293108085,0.7263177377895825
flowers102,resnet50,0,quant_16,quant,16,6149,0.7950886322979346,0.7858973501639015,0.8154178604100181
flowers102,convnext_tiny,0,clean,clean,0,6149,0.9887786631972678,0.9880695839210136,0.990664412594928
flowers102,convnext_tiny,0,grayscale,grayscale,,6149,0.7578468043584322,0.7213344153689369,0.7503430903876833
flowers102,convnext_tiny,0,hue_-0.500,hue,-0.5,6149,0.826150593592454,0.8155585446162217,0.8399441076534598
flowers102,convnext_tiny,0,hue_-0.250,hue,-0.25,6149,0.7617498780289478,0.7393410222778369,0.7689636327513675
flowers102,convnext_tiny,0,hue_-0.083,hue,-0.083,6149,0.9671491299398276,0.9581374967925084,0.965007845192948
flowers102,convnext_tiny,0,hue_+0.083,hue,0.083,6149,0.9585298422507724,0.954981690119017,0.9639188408598268
flowers102,convnext_tiny,0,hue_+0.250,hue,0.25,6149,0.8414376321353065,0.8172944407017145,0.8353274099484944
flowers102,convnext_tiny,0,hue_+0.500,hue,0.5,6149,0.826150593592454,0.8155585446162217,0.8399441076534598
flowers102,convnext_tiny,0,shuffle_021,shuffle,"(0, 2, 1)",6149,0.8432265409009595,0.82884782711523,0.845817518056801
flowers102,convnext_tiny,0,shuffle_102,shuffle,"(1, 0, 2)",6149,0.9146202634574728,0.8892855232953809,0.9057103708828136
flowers102,convnext_tiny,0,shuffle_120,shuffle,"(1, 2, 0)",6149,0.7482517482517482,0.7285450970481033,0.7571168531247633
flowers102,convnext_tiny,0,shuffle_201,shuffle,"(2, 0, 1)",6149,0.817531305903399,0.7882780213950108,0.8082105050441616
flowers102,convnext_tiny,0,shuffle_210,shuffle,"(2, 1, 0)",6149,0.82972841112376,0.8158286526301504,0.8429858526528695
flowers102,convnext_tiny,0,quant_2,quant,2,6149,0.7184908115140674,0.7216439288417128,0.7502171448259024
flowers102,convnext_tiny,0,quant_4,quant,4,6149,0.9469832493088308,0.9443279363043972,0.9558686850611496
flowers102,convnext_tiny,0,quant_8,quant,8,6149,0.97804521060335,0.975957204549756,0.9824348949213396
flowers102,convnext_tiny,0,quant_16,quant,16,6149,0.9845503333875428,0.9832652341920473,0.9877323929900552
flowers102,vit_small,0,clean,clean,0,6149,0.9739795088632298,0.9716043926513416,0.9764649008981264
flowers102,vit_small,0,grayscale,grayscale,,6149,0.7796389656854773,0.7258424395403558,0.747500314055216
flowers102,vit_small,0,hue_-0.500,hue,-0.5,6149,0.722231257114978,0.6937178610397874,0.7183119603182987
flowers102,vit_small,0,hue_-0.250,hue,-0.25,6149,0.5623678646934461,0.5439484224057268,0.5720878318807413
flowers102,vit_small,0,hue_-0.083,hue,-0.083,6149,0.9162465441535208,0.9111300928690926,0.921364314441588
flowers102,vit_small,0,hue_+0.083,hue,0.083,6149,0.9277931370954626,0.9186725786782411,0.9262536600831464
flowers102,vit_small,0,hue_+0.250,hue,0.25,6149,0.6693771344934135,0.6365173552407651,0.6587574328847953
flowers102,vit_small,0,hue_+0.500,hue,0.5,6149,0.722231257114978,0.6937178610397874,0.7183119603182987
flowers102,vit_small,0,shuffle_021,shuffle,"(0, 2, 1)",6149,0.7114978045210604,0.681252986369569,0.700815067022017
flowers102,vit_small,0,shuffle_102,shuffle,"(1, 0, 2)",6149,0.8136282322328834,0.8048246872836142,0.824832100284114
flowers102,vit_small,0,shuffle_120,shuffle,"(1, 2, 0)",6149,0.5496828752642706,0.5254122451873271,0.5559530946717078
flowers102,vit_small,0,shuffle_201,shuffle,"(2, 0, 1)",6149,0.6449829240526915,0.6067242336136247,0.6368738034559025
flowers102,vit_small,0,shuffle_210,shuffle,"(2, 1, 0)",6149,0.6962107659782079,0.6826343809132254,0.7010362052209779
flowers102,vit_small,0,quant_2,quant,2,6149,0.0494389331598633,0.0250537848859266,0.0544777568240379
flowers102,vit_small,0,quant_4,quant,4,6149,0.7921613270450479,0.7963847313471899,0.8098971820334825
flowers102,vit_small,0,quant_8,quant,8,6149,0.9489347861440884,0.9460146260682698,0.9559807165289544
flowers102,vit_small,0,quant_16,quant,16,6149,0.9695885509838998,0.9673723313153252,0.9735510264966808
flowers102,swin_tiny,0,clean,clean,0,6149,0.9360871686453082,0.9362540540567426,0.949321967306082
flowers102,swin_tiny,0,grayscale,grayscale,,6149,0.6648235485444788,0.6356116529341794,0.6850340122659527
flowers102,swin_tiny,0,hue_-0.500,hue,-0.5,6149,0.6579931696210766,0.673927187659152,0.6880133984524426
flowers102,swin_tiny,0,hue_-0.250,hue,-0.25,6149,0.5459424296633599,0.5517878485035617,0.5736457463944389
flowers102,swin_tiny,0,hue_-0.083,hue,-0.083,6149,0.8661570987152383,0.8524476713455162,0.8691890702139788
flowers102,swin_tiny,0,hue_+0.083,hue,0.083,6149,0.8749390144738982,0.8731304990676548,0.8907694158117436
flowers102,swin_tiny,0,hue_+0.250,hue,0.25,6149,0.673442836233534,0.6470183776203543,0.6725973958294693
flowers102,swin_tiny,0,hue_+0.500,hue,0.5,6149,0.6579931696210766,0.673927187659152,0.6880133984524426
flowers102,swin_tiny,0,shuffle_021,shuffle,"(0, 2, 1)",6149,0.6775085379736543,0.6730588417808276,0.7006898725215496
flowers102,swin_tiny,0,shuffle_102,shuffle,"(1, 0, 2)",6149,0.8329809725158562,0.8161767096777106,0.8378941903319027
flowers102,swin_tiny,0,shuffle_120,shuffle,"(1, 2, 0)",6149,0.5465929419417791,0.54967460932429,0.570284743686494
flowers102,swin_tiny,0,shuffle_201,shuffle,"(2, 0, 1)",6149,0.6560416327858188,0.6350155429195267,0.6602933752725668
flowers102,swin_tiny,0,shuffle_210,shuffle,"(2, 1, 0)",6149,0.6592941941779151,0.6619275808305135,0.6802106642600576
flowers102,swin_tiny,0,quant_2,quant,2,6149,0.7012522361359571,0.693050785425206,0.7055401972820535
flowers102,swin_tiny,0,quant_4,quant,4,6149,0.8310294356805985,0.8284056935089182,0.8412620709492912
flowers102,swin_tiny,0,quant_8,quant,8,6149,0.8848593267197918,0.8824361136431755,0.8967613051262054
flowers102,swin_tiny,0,quant_16,quant,16,6149,0.913481866970239,0.9122876562190186,0.9262838361368118
flowers102,resnet50,1,clean,clean,0,6149,0.8476174987802895,0.838677930979995,0.8688418641309217
flowers102,resnet50,1,grayscale,grayscale,,6149,0.4880468368840462,0.4546810391553767,0.5232301544000054
flowers102,resnet50,1,hue_-0.500,hue,-0.5,6149,0.4929256789721906,0.4792381292779395,0.536640121144227
flowers102,resnet50,1,hue_-0.250,hue,-0.25,6149,0.5288664823548545,0.4994751543471574,0.5469205093991966
flowers102,resnet50,1,hue_-0.083,hue,-0.083,6149,0.7799642218246869,0.7704811566366809,0.7966456129004068
flowers102,resnet50,1,hue_+0.083,hue,0.083,6149,0.757196292080013,0.7516064244145708,0.782319122224037
flowers102,resnet50,1,hue_+0.250,hue,0.25,6149,0.5548869734916246,0.5413959867095987,0.5745474871510863
flowers102,resnet50,1,hue_+0.500,hue,0.5,6149,0.4929256789721906,0.4792381292779395,0.536640121144227
flowers102,resnet50,1,shuffle_021,shuffle,"(0, 2, 1)",6149,0.6187998048463165,0.6010110885559481,0.637366697862289
flowers102,resnet50,1,shuffle_102,shuffle,"(1, 0, 2)",6149,0.6984875589526752,0.6921550437807482,0.7333726892705206
flowers102,resnet50,1,shuffle_120,shuffle,"(1, 2, 0)",6149,0.5106521385591153,0.4713117258897421,0.5294935514041541
flowers102,resnet50,1,shuffle_201,shuffle,"(2, 0, 1)",6149,0.5329321840949748,0.5152852902979079,0.5572969858706632
flowers102,resnet50,1,shuffle_210,shuffle,"(2, 1, 0)",6149,0.5218734753618475,0.5047392011000964,0.5552397375513136
flowers102,resnet50,1,quant_2,quant,2,6149,0.0167506911692958,0.0092697194601614,0.0246715712615692
flowers102,resnet50,1,quant_4,quant,4,6149,0.4597495527728086,0.4515664958881401,0.4865700036776751
flowers102,resnet50,1,quant_8,quant,8,6149,0.6659619450317125,0.666954789445745,0.7013960013785576
flowers102,resnet50,1,quant_16,quant,16,6149,0.7721580744836559,0.7671100835786194,0.7971292241213968
flowers102,resnet50,2,clean,clean,0,6149,0.8459912180842414,0.8397455387115751,0.8681436634318651
flowers102,resnet50,2,grayscale,grayscale,,6149,0.4815417140998536,0.4452819691551798,0.5184366748136233
flowers102,resnet50,2,hue_-0.500,hue,-0.5,6149,0.4898357456496991,0.4728207767961516,0.5279378276007858
flowers102,resnet50,2,hue_-0.250,hue,-0.25,6149,0.4898357456496991,0.4621352548309654,0.5146801003223646
flowers102,resnet50,2,hue_-0.083,hue,-0.083,6149,0.7563831517319889,0.7530946191483142,0.7783130321119766
flowers102,resnet50,2,hue_+0.083,hue,0.083,6149,0.7438607903724183,0.7453458479778794,0.7681771815882737
flowers102,resnet50,2,hue_+0.250,hue,0.25,6149,0.5534233208651813,0.5424419605389601,0.5684323855885542
flowers102,resnet50,2,hue_+0.500,hue,0.5,6149,0.4898357456496991,0.4728207767961516,0.5279378276007858
flowers102,resnet50,2,shuffle_021,shuffle,"(0, 2, 1)",6149,0.6148967311758009,0.5929626076707001,0.6309080638128408
flowers102,resnet50,2,shuffle_102,shuffle,"(1, 0, 2)",6149,0.6753943730687917,0.6693972714857861,0.7073870402809024
flowers102,resnet50,2,shuffle_120,shuffle,"(1, 2, 0)",6149,0.4579606440071556,0.4242401537702484,0.4834293438869518
flowers102,resnet50,2,shuffle_201,shuffle,"(2, 0, 1)",6149,0.5517970401691332,0.5305495202789483,0.5551478917887082
flowers102,resnet50,2,shuffle_210,shuffle,"(2, 1, 0)",6149,0.5075622052366239,0.4934662731959887,0.5392842558815393
flowers102,resnet50,2,quant_2,quant,2,6149,0.0201658806309969,0.0073544215163049,0.0231567460333208
flowers102,resnet50,2,quant_4,quant,4,6149,0.464628394860953,0.4725469790572892,0.4986418683084293
flowers102,resnet50,2,quant_8,quant,8,6149,0.6540900959505611,0.6647050964376842,0.6975309751469205
flowers102,resnet50,2,quant_16,quant,16,6149,0.7663034639778826,0.7660307459044491,0.7965033895309146
flowers102,convnext_tiny,1,clean,clean,0,6149,0.9889412912668728,0.9878165942572658,0.9902060032255616
flowers102,convnext_tiny,1,grayscale,grayscale,,6149,0.820133355017076,0.7919809612362418,0.813373522434356
flowers102,convnext_tiny,1,hue_-0.500,hue,-0.5,6149,0.8341193690030899,0.8122041229976469,0.8448563086220389
flowers102,convnext_tiny,1,hue_-0.250,hue,-0.25,6149,0.776386404293381,0.7434641441578099,0.7817148028511082
flowers102,convnext_tiny,1,hue_-0.083,hue,-0.083,6149,0.96519759310457,0.956379964969018,0.962625190715286
flowers102,convnext_tiny,1,hue_+0.083,hue,0.083,6149,0.955439908928281,0.9493528414877916,0.9573443368466272
flowers102,convnext_tiny,1,hue_+0.250,hue,0.25,6149,0.8204586111562856,0.7958072746578208,0.8163565550669757
flowers102,convnext_tiny,1,hue_+0.500,hue,0.5,6149,0.8341193690030899,0.8122041229976469,0.8448563086220389
flowers102,convnext_tiny,1,shuffle_021,shuffle,"(0, 2, 1)",6149,0.8643681899495853,0.8371066988159966,0.8524366348617741
flowers102,convnext_tiny,1,shuffle_102,shuffle,"(1, 0, 2)",6149,0.8915270775735892,0.8750418492253205,0.8926992062454857
flowers102,convnext_tiny,1,shuffle_120,shuffle,"(1, 2, 0)",6149,0.7716701902748414,0.7436469520794879,0.7819151088382189
flowers102,convnext_tiny,1,shuffle_201,shuffle,"(2, 0, 1)",6149,0.7973654252724021,0.7722378181256556,0.7940365523248661
flowers102,convnext_tiny,1,shuffle_210,shuffle,"(2, 1, 0)",6149,0.8542852496340868,0.8334293549620361,0.8653829319158478
flowers102,convnext_tiny,1,quant_2,quant,2,6149,0.7194665799316962,0.7081437249945789,0.7475138393824236
flowers102,convnext_tiny,1,quant_4,quant,4,6149,0.9412912668726622,0.9356967237249054,0.9489321484558856
flowers102,convnext_tiny,1,quant_8,quant,8,6149,0.9806472597170272,0.9780372333565516,0.9833225534639868
flowers102,convnext_tiny,1,quant_16,quant,16,6149,0.9858513579443812,0.9844314067089804,0.987901759371654
flowers102,convnext_tiny,2,clean,clean,0,6149,0.9913807123109448,0.9894290681363656,0.9914342900738764
flowers102,convnext_tiny,2,grayscale,grayscale,,6149,0.8882745161814929,0.8695043595412683,0.8796586744279139
flowers102,convnext_tiny,2,hue_-0.500,hue,-0.5,6149,0.8671328671328671,0.8422643596042624,0.8620840818918449
flowers102,convnext_tiny,2,hue_-0.250,hue,-0.25,6149,0.7924865831842576,0.7666328044566467,0.7929473064000874
flowers102,convnext_tiny,2,hue_-0.083,hue,-0.083,6149,0.9674743860790372,0.9578471433627866,0.9621348276471618
flowers102,convnext_tiny,2,hue_+0.083,hue,0.083,6149,0.9653602211741746,0.9628981660591452,0.9674236881897268
flowers102,convnext_tiny,2,hue_+0.250,hue,0.25,6149,0.846316474223451,0.8218236169904535,0.8386622719904059
flowers102,convnext_tiny,2,hue_+0.500,hue,0.5,6149,0.8671328671328671,0.8422643596042624,0.8620840818918449
flowers102,convnext_tiny,2,shuffle_021,shuffle,"(0, 2, 1)",6149,0.8609530004878843,0.8384596079539726,0.8558300187427048
flowers102,convnext_tiny,2,shuffle_102,shuffle,"(1, 0, 2)",6149,0.917059684501545,0.9021590278841638,0.9165953101393812
flowers102,convnext_tiny,2,shuffle_120,shuffle,"(1, 2, 0)",6149,0.7916734428362335,0.7632786781901956,0.7892415189260701
flowers102,convnext_tiny,2,shuffle_201,shuffle,"(2, 0, 1)",6149,0.8406244917872825,0.8145339468022712,0.8314338208314741
flowers102,convnext_tiny,2,shuffle_210,shuffle,"(2, 1, 0)",6149,0.8983574564969914,0.8763266273695179,0.8922372696376126
flowers102,convnext_tiny,2,quant_2,quant,2,6149,0.7329647097088957,0.7414990795976265,0.7720207466460686
flowers102,convnext_tiny,2,quant_4,quant,4,6149,0.9523499756057896,0.9455438910738913,0.9579180244856982
flowers102,convnext_tiny,2,quant_8,quant,8,6149,0.9830866807610994,0.9792817792604748,0.9838821078098358
flowers102,convnext_tiny,2,quant_16,quant,16,6149,0.9887786631972678,0.9862215896665754,0.9898903605736672
flowers102,vit_small,1,clean,clean,0,6149,0.9547893966498616,0.9503049712295304,0.9636309910261786
flowers102,vit_small,1,grayscale,grayscale,,6149,0.6726296958855098,0.6206011312096255,0.6457751666842492
flowers102,vit_small,1,hue_-0.500,hue,-0.5,6149,0.5576516506749065,0.5529630862787515,0.5729065640305018
flowers102,vit_small,1,hue_-0.250,hue,-0.25,6149,0.469832493088307,0.4453152561605249,0.4678342415506322
flowers102,vit_small,1,hue_-0.083,hue,-0.083,6149,0.8739632460562693,0.8686556162136057,0.8858202137155544
flowers102,vit_small,1,hue_+0.083,hue,0.083,6149,0.8734753618474549,0.8680792729947489,0.8871718194709574
flowers102,vit_small,1,hue_+0.250,hue,0.25,6149,0.547568710359408,0.5346044558462808,0.5521522869866796
flowers102,vit_small,1,hue_+0.500,hue,0.5,6149,0.5576516506749065,0.5529630862787515,0.5729065640305018
flowers102,vit_small,1,shuffle_021,shuffle,"(0, 2, 1)",6149,0.6116441697837046,0.5761603447422221,0.5996610005731596
flowers102,vit_small,1,shuffle_102,shuffle,"(1, 0, 2)",6149,0.6641730362660595,0.6614394606418317,0.6891949140955046
flowers102,vit_small,1,shuffle_120,shuffle,"(1, 2, 0)",6149,0.469832493088307,0.4375908173320779,0.4690378677741095
flowers102,vit_small,1,shuffle_201,shuffle,"(2, 0, 1)",6149,0.5204098227354041,0.5072747869001926,0.5201618556774518
flowers102,vit_small,1,shuffle_210,shuffle,"(2, 1, 0)",6149,0.6098552610180518,0.6067928611378643,0.6216500143707732
flowers102,vit_small,1,quant_2,quant,2,6149,0.0611481541714099,0.0326941226745742,0.062278337434777
flowers102,vit_small,1,quant_4,quant,4,6149,0.7716701902748414,0.7735262511037755,0.7869190928733207
flowers102,vit_small,1,quant_8,quant,8,6149,0.919661733615222,0.9205348413096648,0.9365500666052334
flowers102,vit_small,1,quant_16,quant,16,6149,0.9438933159863392,0.9398908846489124,0.9543179126114368
flowers102,vit_small,2,clean,clean,0,6149,0.9738168807936248,0.9743026149084906,0.9786915490652784
flowers102,vit_small,2,grayscale,grayscale,,6149,0.7228817693933973,0.6631170613262768,0.6917560633369495
flowers102,vit_small,2,hue_-0.500,hue,-0.5,6149,0.5535859489347862,0.5501059448679827,0.5525396359162781
flowers102,vit_small,2,hue_-0.250,hue,-0.25,6149,0.4612132053992519,0.4565018693383812,0.457723171380603
flowers102,vit_small,2,hue_-0.083,hue,-0.083,6149,0.8833956740933485,0.8797047159781751,0.8886310653574769
flowers102,vit_small,2,hue_+0.083,hue,0.083,6149,0.9105545617173524,0.9050951054578577,0.9143979140154944
flowers102,vit_small,2,hue_+0.250,hue,0.25,6149,0.5992844364937389,0.5827692584467316,0.6100462497864789
flowers102,vit_small,2,hue_+0.500,hue,0.5,6149,0.553748577004391,0.5503434502802332,0.5526304129678394
flowers102,vit_small,2,shuffle_021,shuffle,"(0, 2, 1)",6149,0.634899983737193,0.6172776176210588,0.630681412494833
flowers102,vit_small,2,shuffle_102,shuffle,"(1, 0, 2)",6149,0.7140998536347374,0.7040854940791949,0.7306231668313051
flowers102,vit_small,2,shuffle_120,shuffle,"(1, 2, 0)",6149,0.4495039843877053,0.44429254204344,0.4432639918179613
flowers102,vit_small,2,shuffle_201,shuffle,"(2, 0, 1)",6149,0.575540738331436,0.5465345432631026,0.5770054047496316
flowers102,vit_small,2,shuffle_210,shuffle,"(2, 1, 0)",6149,0.6139209627581721,0.6291345146414209,0.6209377827431843
flowers102,vit_small,2,quant_2,quant,2,6149,0.0393559928443649,0.0216209873321352,0.0483710334382258
flowers102,vit_small,2,quant_4,quant,4,6149,0.7892340217921613,0.7885931734483522,0.8037288301033604
flowers102,vit_small,2,quant_8,quant,8,6149,0.9482842738656692,0.9473612185223064,0.9530560706456436
flowers102,vit_small,2,quant_16,quant,16,6149,0.9669865018702228,0.9668009825528489,0.9728964179535824
flowers102,swin_tiny,1,clean,clean,0,6149,0.9391771019677996,0.9350290466789624,0.9470820763166032
flowers102,swin_tiny,1,grayscale,grayscale,,6149,0.5727760611481542,0.542879715909281,0.5862533393092301
flowers102,swin_tiny,1,hue_-0.500,hue,-0.5,6149,0.6913319238900634,0.6985521265286915,0.7202389514692746
flowers102,swin_tiny,1,hue_-0.250,hue,-0.25,6149,0.5444787770369166,0.5478891223182403,0.5747602466181224
flowers102,swin_tiny,1,hue_-0.083,hue,-0.083,6149,0.8656692145064238,0.8555290354691371,0.872162058246841
flowers102,swin_tiny,1,hue_+0.083,hue,0.083,6149,0.8659944706456334,0.8624764058421058,0.8814681880483884
flowers102,swin_tiny,1,hue_+0.250,hue,0.25,6149,0.6485607415839973,0.6249148740255591,0.6512125354832087
flowers102,swin_tiny,1,hue_+0.500,hue,0.5,6149,0.6913319238900634,0.6985521265286915,0.7202389514692746
flowers102,swin_tiny,1,shuffle_021,shuffle,"(0, 2, 1)",6149,0.6731175800943243,0.6652005549159417,0.6930909241827663
flowers102,swin_tiny,1,shuffle_102,shuffle,"(1, 0, 2)",6149,0.8041958041958042,0.7891015305657063,0.8180037787540958
flowers102,swin_tiny,1,shuffle_120,shuffle,"(1, 2, 0)",6149,0.5319564156773459,0.5306794451818898,0.5660806373863334
flowers102,swin_tiny,1,shuffle_201,shuffle,"(2, 0, 1)",6149,0.6545779801593755,0.6297596041716786,0.6587103564532688
flowers102,swin_tiny,1,shuffle_210,shuffle,"(2, 1, 0)",6149,0.6791348186697024,0.6752509188392499,0.6928388102631079
flowers102,swin_tiny,1,quant_2,quant,2,6149,0.7056431940152871,0.7008572775148738,0.7300925948228978
flowers102,swin_tiny,1,quant_4,quant,4,6149,0.8347698812815092,0.82245810453709,0.8463749950610765
flowers102,swin_tiny,1,quant_8,quant,8,6149,0.8949422670352903,0.8892324892739515,0.9046721244055624
flowers102,swin_tiny,1,quant_16,quant,16,6149,0.9235648072857376,0.9187312254698736,0.9310632349159036
flowers102,swin_tiny,2,clean,clean,0,6149,0.9455195966823874,0.9414418297673558,0.9552202954851666
flowers102,swin_tiny,2,grayscale,grayscale,,6149,0.6440071556350626,0.6071485844151201,0.6590369303678462
flowers102,swin_tiny,2,hue_-0.500,hue,-0.5,6149,0.7339404781265246,0.7425930896456783,0.7519302196625222
flowers102,swin_tiny,2,hue_-0.250,hue,-0.25,6149,0.5693608716864531,0.5635469081200424,0.581363341199503
flowers102,swin_tiny,2,hue_-0.083,hue,-0.083,6149,0.8650187022280046,0.8449454033515226,0.8625011287083691
flowers102,swin_tiny,2,hue_+0.083,hue,0.083,6149,0.8668076109936576,0.861116768571841,0.8813051911386086
flowers102,swin_tiny,2,hue_+0.250,hue,0.25,6149,0.6396161977557326,0.6263544539987291,0.6466408921770587
flowers102,swin_tiny,2,hue_+0.500,hue,0.5,6149,0.7339404781265246,0.7425930896456783,0.7519302196625222
flowers102,swin_tiny,2,shuffle_021,shuffle,"(0, 2, 1)",6149,0.6862904537323142,0.6695349084892742,0.6960952234956505
flowers102,swin_tiny,2,shuffle_102,shuffle,"(1, 0, 2)",6149,0.7939502358107009,0.7821339005171457,0.8080700662679497
flowers102,swin_tiny,2,shuffle_120,shuffle,"(1, 2, 0)",6149,0.5841600260204911,0.5837315639505495,0.6033850802435035
flowers102,swin_tiny,2,shuffle_201,shuffle,"(2, 0, 1)",6149,0.643681899495853,0.6259634599867067,0.645718334363756
flowers102,swin_tiny,2,shuffle_210,shuffle,"(2, 1, 0)",6149,0.7129614571475037,0.7067694799300716,0.7220677324617351
flowers102,swin_tiny,2,quant_2,quant,2,6149,0.6685639941453895,0.6729753859599651,0.6975793003633765
flowers102,swin_tiny,2,quant_4,quant,4,6149,0.8271263620100829,0.821039534121809,0.8415857733806991
flowers102,swin_tiny,2,quant_8,quant,8,6149,0.8957554073833144,0.8906519322964833,0.9071022094020778
flowers102,swin_tiny,2,quant_16,quant,16,6149,0.9253537160513904,0.9209256486766446,0.9361547088789112
flowers102,resnet50,3,clean,clean,0,6149,0.8448528215970077,0.8386257481445906,0.8655929519603993
flowers102,resnet50,3,grayscale,grayscale,,6149,0.5168320052040982,0.4854694959309799,0.538888064031835
flowers102,resnet50,3,hue_-0.500,hue,-0.5,6149,0.5387867946007481,0.5254270489596249,0.5931360524347536
flowers102,resnet50,3,hue_-0.250,hue,-0.25,6149,0.5714750365913157,0.5500293940819028,0.5952063185482347
flowers102,resnet50,3,hue_-0.083,hue,-0.083,6149,0.7664660920474874,0.7576120820759178,0.7853018748752983
flowers102,resnet50,3,hue_+0.083,hue,0.083,6149,0.7467880956253049,0.7445044287427194,0.7723835674854101
flowers102,resnet50,3,hue_+0.250,hue,0.25,6149,0.558952675231745,0.5388098301392193,0.5765863360543576
flowers102,resnet50,3,hue_+0.500,hue,0.5,6149,0.5387867946007481,0.5254270489596249,0.5931360524347536
flowers102,resnet50,3,shuffle_021,shuffle,"(0, 2, 1)",6149,0.6620588713611969,0.6506754712057149,0.6850058648053099
flowers102,resnet50,3,shuffle_102,shuffle,"(1, 0, 2)",6149,0.6861278256627094,0.6769451075299688,0.7191994917081516
flowers102,resnet50,3,shuffle_120,shuffle,"(1, 2, 0)",6149,0.5451292893153358,0.5181121380313992,0.5708772281906747
flowers102,resnet50,3,shuffle_201,shuffle,"(2, 0, 1)",6149,0.5456171735241503,0.5311711641386541,0.5737640339156026
flowers102,resnet50,3,shuffle_210,shuffle,"(2, 1, 0)",6149,0.5667588225727761,0.556844690641993,0.6000592949778633
flowers102,resnet50,3,quant_2,quant,2,6149,0.0681411611644169,0.0492158734534648,0.0671790244212297
flowers102,resnet50,3,quant_4,quant,4,6149,0.5591153033013498,0.550473830565293,0.568661319047011
flowers102,resnet50,3,quant_8,quant,8,6149,0.7175150430964384,0.7139133484295993,0.7354120047114617
flowers102,resnet50,3,quant_16,quant,16,6149,0.8024068954301512,0.7944302429359239,0.8167753383640113
flowers102,resnet50,4,clean,clean,0,6149,0.8508700601723858,0.8412686670744606,0.8655282568574285
flowers102,resnet50,4,grayscale,grayscale,,6149,0.4890226053016751,0.4675915216299379,0.5207730388457921
flowers102,resnet50,4,hue_-0.500,hue,-0.5,6149,0.5195966823873801,0.5065274186318972,0.5652459863974947
flowers102,resnet50,4,hue_-0.250,hue,-0.25,6149,0.554561717352415,0.539708364349357,0.5834942131301434
flowers102,resnet50,4,hue_-0.083,hue,-0.083,6149,0.771182306066027,0.7571056642153704,0.7839799210347864
flowers102,resnet50,4,hue_+0.083,hue,0.083,6149,0.7651650674906488,0.7593956435081178,0.7845809283843395
flowers102,resnet50,4,hue_+0.250,hue,0.25,6149,0.5586274190925353,0.5499720741768025,0.578407798645963
flowers102,resnet50,4,hue_+0.500,hue,0.5,6149,0.5195966823873801,0.5065070040809151,0.5652459863974947
flowers102,resnet50,4,shuffle_021,shuffle,"(0, 2, 1)",6149,0.676858025695235,0.6690407419466471,0.6965662657594777
flowers102,resnet50,4,shuffle_102,shuffle,"(1, 0, 2)",6149,0.6999512115791185,0.6862787431771031,0.7255811245998651
flowers102,resnet50,4,shuffle_120,shuffle,"(1, 2, 0)",6149,0.535371605139047,0.5136785504086532,0.5643998383727498
flowers102,resnet50,4,shuffle_201,shuffle,"(2, 0, 1)",6149,0.5555374857700439,0.5424332778253514,0.5748376594722621
flowers102,resnet50,4,shuffle_210,shuffle,"(2, 1, 0)",6149,0.5409009595056107,0.5317774570817598,0.5730490022575389
flowers102,resnet50,4,quant_2,quant,2,6149,0.0998536347373556,0.0927566756462004,0.1000365676993635
flowers102,resnet50,4,quant_4,quant,4,6149,0.5376483981135144,0.5505766349759765,0.5679027531687216
flowers102,resnet50,4,quant_8,quant,8,6149,0.7114978045210604,0.7132255583338297,0.7377456253284836
flowers102,resnet50,4,quant_16,quant,16,6149,0.787770369165718,0.7819250003518355,0.8089494179447375
flowers102,convnext_tiny,3,clean,clean,0,6149,0.9918685965197592,0.9902750126993496,0.9921641006411984
flowers102,convnext_tiny,3,grayscale,grayscale,,6149,0.8453407058058221,0.8145766119557749,0.8330094121815148
flowers102,convnext_tiny,3,hue_-0.500,hue,-0.5,6149,0.8814441372580908,0.8621925784771594,0.883058117156503
flowers102,convnext_tiny,3,hue_-0.250,hue,-0.25,6149,0.8097251585623678,0.7833271189583344,0.8056776517592248
flowers102,convnext_tiny,3,hue_-0.083,hue,-0.083,6149,0.9725158562367864,0.9670031606081634,0.9698996536067368
flowers102,convnext_tiny,3,hue_+0.083,hue,0.083,6149,0.9617824036428688,0.9567782409557894,0.9637547363405516
flowers102,convnext_tiny,3,hue_+0.250,hue,0.25,6149,0.8328183444462515,0.8164719241977455,0.8385377844805191
flowers102,convnext_tiny,3,hue_+0.500,hue,0.5,6149,0.8814441372580908,0.8621925784771594,0.883058117156503
flowers102,convnext_tiny,3,shuffle_021,shuffle,"(0, 2, 1)",6149,0.8738006179866645,0.8549431216961594,0.8653443947309021
flowers102,convnext_tiny,3,shuffle_102,shuffle,"(1, 0, 2)",6149,0.8889250284599122,0.8753775913313329,0.8946812291087198
flowers102,convnext_tiny,3,shuffle_120,shuffle,"(1, 2, 0)",6149,0.8243616848268011,0.7938261388422407,0.8170563788583816
flowers102,convnext_tiny,3,shuffle_201,shuffle,"(2, 0, 1)",6149,0.8059847129614571,0.7854716082895018,0.808253906260712
flowers102,convnext_tiny,3,shuffle_210,shuffle,"(2, 1, 0)",6149,0.8933159863392421,0.866055693689477,0.8849147565195407
flowers102,convnext_tiny,3,quant_2,quant,2,6149,0.7082452431289641,0.7186918930252835,0.7434573237885638
flowers102,convnext_tiny,3,quant_4,quant,4,6149,0.954464140510652,0.9499421878771918,0.959813836175157
flowers102,convnext_tiny,3,quant_8,quant,8,6149,0.9850382175963572,0.982795436843684,0.9870419336032168
flowers102,convnext_tiny,3,quant_16,quant,16,6149,0.9900796877541064,0.9885626974458896,0.9919049302265488
flowers102,convnext_tiny,4,clean,clean,0,6149,0.9899170596845016,0.9883230318601092,0.9913075243669826
flowers102,convnext_tiny,4,grayscale,grayscale,,6149,0.8411123759960969,0.8249904757149802,0.8470462454172599
flowers102,convnext_tiny,4,hue_-0.500,hue,-0.5,6149,0.8513579443812002,0.8396711728202608,0.8468354516619271
flowers102,convnext_tiny,4,hue_-0.250,hue,-0.25,6149,0.7575215482192227,0.7409997937107465,0.7620772406672032
flowers102,convnext_tiny,4,hue_-0.083,hue,-0.083,6149,0.9596682387380062,0.948709018691376,0.955891315472832
flowers102,convnext_tiny,4,hue_+0.083,hue,0.083,6149,0.9559277931370954,0.9524269617122424,0.957173032065648
flowers102,convnext_tiny,4,hue_+0.250,hue,0.25,6149,0.8038705480565945,0.7816773135208203,0.8032116370148752
flowers102,convnext_tiny,4,hue_+0.500,hue,0.5,6149,0.8513579443812002,0.8396711728202608,0.8468354516619271
flowers102,convnext_tiny,4,shuffle_021,shuffle,"(0, 2, 1)",6149,0.8456659619450317,0.8170439318511982,0.8287336224417083
flowers102,convnext_tiny,4,shuffle_102,shuffle,"(1, 0, 2)",6149,0.8809562530492763,0.8633081386070947,0.8944520856030107
flowers102,convnext_tiny,4,shuffle_120,shuffle,"(1, 2, 0)",6149,0.776386404293381,0.7621150333505159,0.779887358801307
flowers102,convnext_tiny,4,shuffle_201,shuffle,"(2, 0, 1)",6149,0.7705317937876077,0.7558055440076451,0.7818196058885035
flowers102,convnext_tiny,4,shuffle_210,shuffle,"(2, 1, 0)",6149,0.8697349162465442,0.8604740813937488,0.8722075200106807
flowers102,convnext_tiny,4,quant_2,quant,2,6149,0.740608228980322,0.7384946771437702,0.7655690568440882
flowers102,convnext_tiny,4,quant_4,quant,4,6149,0.94763376158725,0.94393902648532,0.9552540626468627
flowers102,convnext_tiny,4,quant_8,quant,8,6149,0.9790209790209792,0.9753412464809808,0.9819241919095502
flowers102,convnext_tiny,4,quant_16,quant,16,6149,0.98682712636201,0.9842840760950526,0.9888152672601414
flowers102,vit_small,3,clean,clean,0,6149,0.9583672141811675,0.9574058676100464,0.9659197633328026
flowers102,vit_small,3,grayscale,grayscale,,6149,0.6093673768092372,0.5714022974244931,0.5976911382918381
flowers102,vit_small,3,hue_-0.500,hue,-0.5,6149,0.5215482192226378,0.5077355907116362,0.5372753397994225
flowers102,vit_small,3,hue_-0.250,hue,-0.25,6149,0.4761749878028948,0.4533578368233162,0.4812486616667084
flowers102,vit_small,3,hue_-0.083,hue,-0.083,6149,0.8669702390632623,0.8574567759685949,0.8744589815301214
flowers102,vit_small,3,hue_+0.083,hue,0.083,6149,0.8803057407708571,0.8789162853298853,0.8919388895551498
flowers102,vit_small,3,hue_+0.250,hue,0.25,6149,0.5573263945356969,0.5457309724266939,0.571377376418298
flowers102,vit_small,3,hue_+0.500,hue,0.5,6149,0.5215482192226378,0.5077120517180919,0.5372753397994225
flowers102,vit_small,3,shuffle_021,shuffle,"(0, 2, 1)",6149,0.6435192714262482,0.6149110882487098,0.6393252778096068
flowers102,vit_small,3,shuffle_102,shuffle,"(1, 0, 2)",6149,0.6483981135143926,0.6577508106453802,0.6791957069387329
flowers102,vit_small,3,shuffle_120,shuffle,"(1, 2, 0)",6149,0.4438120019515368,0.4269725505749611,0.4572927406614704
flowers102,vit_small,3,shuffle_201,shuffle,"(2, 0, 1)",6149,0.5148804683688405,0.5009373593348164,0.5269907759695848
flowers102,vit_small,3,shuffle_210,shuffle,"(2, 1, 0)",6149,0.5926166856399414,0.5862572413650371,0.6159367961865713
flowers102,vit_small,3,quant_2,quant,2,6149,0.0348024068954301,0.0183653893486763,0.0345179060693085
flowers102,vit_small,3,quant_4,quant,4,6149,0.7456496991380712,0.7414949828033922,0.7540375793558499
flowers102,vit_small,3,quant_8,quant,8,6149,0.929256789721906,0.925561254690456,0.9379301797397844
flowers102,vit_small,3,quant_16,quant,16,6149,0.953651000162628,0.952237903612722,0.9625399065366156
flowers102,vit_small,4,clean,clean,0,6149,0.9710522036103432,0.970391442682268,0.9751114193474524
flowers102,vit_small,4,grayscale,grayscale,,6149,0.7313384290128476,0.6685093086566051,0.6931451842328276
flowers102,vit_small,4,hue_-0.500,hue,-0.5,6149,0.643681899495853,0.6142807481454623,0.6300034683132919
flowers102,vit_small,4,hue_-0.250,hue,-0.25,6149,0.546755570011384,0.529137388194736,0.5396619340945857
flowers102,vit_small,4,hue_-0.083,hue,-0.083,6149,0.9193364774760124,0.9149091072211512,0.9224341829117824
flowers102,vit_small,4,hue_+0.083,hue,0.083,6149,0.9266547406082288,0.9213007999708152,0.9290720934132928
flowers102,vit_small,4,hue_+0.250,hue,0.25,6149,0.6113189136444951,0.5934106441666306,0.6101700902898284
flowers102,vit_small,4,hue_+0.500,hue,0.5,6149,0.643681899495853,0.6142807481454623,0.6300034683132919
flowers102,vit_small,4,shuffle_021,shuffle,"(0, 2, 1)",6149,0.685639941453895,0.6471559350741495,0.6625211448977117
flowers102,vit_small,4,shuffle_102,shuffle,"(1, 0, 2)",6149,0.7275979834119369,0.728499505767163,0.7473390887296733
flowers102,vit_small,4,shuffle_120,shuffle,"(1, 2, 0)",6149,0.530167506911693,0.4982820615854251,0.523536961020805
flowers102,vit_small,4,shuffle_201,shuffle,"(2, 0, 1)",6149,0.5732639453569686,0.5508466228287698,0.5593966704057046
flowers102,vit_small,4,shuffle_210,shuffle,"(2, 1, 0)",6149,0.7020653764839812,0.6881845016180829,0.7042415693832865
flowers102,vit_small,4,quant_2,quant,2,6149,0.0535046348999837,0.0358674468717835,0.0553520047471576
flowers102,vit_small,4,quant_4,quant,4,6149,0.7863067165392746,0.7740622014161819,0.7968275022944477
flowers102,vit_small,4,quant_8,quant,8,6149,0.935274028297284,0.9312629322930512,0.9444885345321038
flowers102,vit_small,4,quant_16,quant,16,6149,0.963246056269312,0.9611589625652442,0.9683902328851652
flowers102,swin_tiny,3,clean,clean,0,6149,0.93885184582859,0.9354234302509666,0.9497518135841814
flowers102,swin_tiny,3,grayscale,grayscale,,6149,0.6638477801268499,0.639371493657753,0.6882715223171875
flowers102,swin_tiny,3,hue_-0.500,hue,-0.5,6149,0.6993006993006993,0.6930513525500475,0.7201321614155488
flowers102,swin_tiny,3,hue_-0.250,hue,-0.25,6149,0.5838347698812815,0.5728030284855774,0.6083813234977659
flowers102,swin_tiny,3,hue_-0.083,hue,-0.083,6149,0.8604651162790697,0.8438987436778222,0.8628264616661453
flowers102,swin_tiny,3,hue_+0.083,hue,0.083,6149,0.8690844039681249,0.8650281359823587,0.8892376662797551
flowers102,swin_tiny,3,hue_+0.250,hue,0.25,6149,0.6313221662058871,0.6188354801958083,0.6492942168272315
flowers102,swin_tiny,3,hue_+0.500,hue,0.5,6149,0.6993006993006993,0.6930513525500475,0.7201321614155488
flowers102,swin_tiny,3,shuffle_021,shuffle,"(0, 2, 1)",6149,0.71182306066027,0.6932100957363342,0.7189724293607036
flowers102,swin_tiny,3,shuffle_102,shuffle,"(1, 0, 2)",6149,0.7828915270775736,0.7792195162061353,0.8091949588093984
flowers102,swin_tiny,3,shuffle_120,shuffle,"(1, 2, 0)",6149,0.5864368189949585,0.5758591880136612,0.6153475221442566
flowers102,swin_tiny,3,shuffle_201,shuffle,"(2, 0, 1)",6149,0.6412424784517807,0.6239599908040915,0.6506374091816122
flowers102,swin_tiny,3,shuffle_210,shuffle,"(2, 1, 0)",6149,0.7048300536672629,0.7029400339846111,0.7303041487469343
flowers102,swin_tiny,3,quant_2,quant,2,6149,0.6871035940803383,0.6944056379732401,0.710546856849045
flowers102,swin_tiny,3,quant_4,quant,4,6149,0.8316799479590177,0.8311354463773012,0.8516277858698827
flowers102,swin_tiny,3,quant_8,quant,8,6149,0.8913644495039844,0.8942208910500804,0.9093028941394318
flowers102,swin_tiny,3,quant_16,quant,16,6149,0.9185233371279884,0.918258873530286,0.9336569429584736
flowers102,swin_tiny,4,clean,clean,0,6149,0.9390144738981948,0.9380591467935836,0.9526127551133023
flowers102,swin_tiny,4,grayscale,grayscale,,6149,0.6848268011058709,0.6358736988789443,0.6728326738730086
flowers102,swin_tiny,4,hue_-0.500,hue,-0.5,6149,0.6836884046186372,0.6935328214005769,0.709780588603335
flowers102,swin_tiny,4,hue_-0.250,hue,-0.25,6149,0.5540738331436006,0.5538760113997662,0.5764141121956963
flowers102,swin_tiny,4,hue_-0.083,hue,-0.083,6149,0.8720117092210116,0.8634810993511866,0.8788908165778487
flowers102,swin_tiny,4,hue_+0.083,hue,0.083,6149,0.8594893478614409,0.8544964548453661,0.8830099878618023
flowers102,swin_tiny,4,hue_+0.250,hue,0.25,6149,0.6636851520572451,0.6238661140820758,0.6569454414931195
flowers102,swin_tiny,4,hue_+0.500,hue,0.5,6149,0.6836884046186372,0.6935328214005769,0.709780588603335
flowers102,swin_tiny,4,shuffle_021,shuffle,"(0, 2, 1)",6149,0.6576679134818669,0.640430463411759,0.6679355884684587
flowers102,swin_tiny,4,shuffle_102,shuffle,"(1, 0, 2)",6149,0.8147666287201171,0.8040228600415111,0.8314344669589788
flowers102,swin_tiny,4,shuffle_120,shuffle,"(1, 2, 0)",6149,0.545779801593755,0.5431197319277166,0.564252873649786
flowers102,swin_tiny,4,shuffle_201,shuffle,"(2, 0, 1)",6149,0.6936087168645308,0.6611547427878588,0.6797022791915469
flowers102,swin_tiny,4,shuffle_210,shuffle,"(2, 1, 0)",6149,0.7127988290778988,0.7160962826227183,0.724515948156375
flowers102,swin_tiny,4,quant_2,quant,2,6149,0.6971865343958368,0.6926923213159183,0.7102027974154318
flowers102,swin_tiny,4,quant_4,quant,4,6149,0.8238738006179867,0.8211050025682559,0.8411596963435588
flowers102,swin_tiny,4,quant_8,quant,8,6149,0.8928281021304277,0.889888595895241,0.9056652958821816
flowers102,swin_tiny,4,quant_16,quant,16,6149,0.9221011546592942,0.9208079345869904,0.9361640975572988
flowers102,resnet50_sgd,0,clean,clean,0,6149,0.7606114815417141,0.756717600287835,0.7914728807062908
flowers102,resnet50_sgd,0,grayscale,grayscale,,6149,0.432265409009595,0.3810468719527014,0.4371859175801651
flowers102,resnet50_sgd,0,hue_-0.500,hue,-0.5,6149,0.4255976581557977,0.4061596137720559,0.4457056614162382
flowers102,resnet50_sgd,0,hue_-0.250,hue,-0.25,6149,0.4475524475524475,0.4175263242653241,0.4615325212854911
flowers102,resnet50_sgd,0,hue_-0.083,hue,-0.083,6149,0.6635225239876402,0.6461930806780748,0.683345543234943
flowers102,resnet50_sgd,0,hue_+0.083,hue,0.083,6149,0.6308342819970727,0.6295974801637616,0.6575168800154058
flowers102,resnet50_sgd,0,hue_+0.250,hue,0.25,6149,0.4181167669539762,0.4041309191898641,0.4337499763073549
flowers102,resnet50_sgd,0,hue_+0.500,hue,0.5,6149,0.4255976581557977,0.4061596137720559,0.4457056614162382
flowers102,resnet50_sgd,0,shuffle_021,shuffle,"(0, 2, 1)",6149,0.5127663034639779,0.4916524439796214,0.52630742590713
flowers102,resnet50_sgd,0,shuffle_102,shuffle,"(1, 0, 2)",6149,0.5436656366888925,0.5142590144675216,0.5623605161795645
flowers102,resnet50_sgd,0,shuffle_120,shuffle,"(1, 2, 0)",6149,0.4202309318588388,0.3860325032785008,0.4316915715247894
flowers102,resnet50_sgd,0,shuffle_201,shuffle,"(2, 0, 1)",6149,0.3935599284436494,0.3667500122570937,0.4014457337172339
flowers102,resnet50_sgd,0,shuffle_210,shuffle,"(2, 1, 0)",6149,0.4529191738494064,0.4410383285232139,0.4820795348246957
flowers102,resnet50_sgd,0,quant_2,quant,2,6149,0.3036266059521873,0.2911612932466008,0.2941098227737913
flowers102,resnet50_sgd,0,quant_4,quant,4,6149,0.4904862579281184,0.4990974131854265,0.5110317288596782
flowers102,resnet50_sgd,0,quant_8,quant,8,6149,0.642706131078224,0.644960670193772,0.6741991347534783
flowers102,resnet50_sgd,0,quant_16,quant,16,6149,0.7184908115140674,0.7157519636935729,0.7524940960963792
flowers102,resnet50_sgd,1,clean,clean,0,6149,0.7653276955602537,0.760027503254602,0.7955622495510122
flowers102,resnet50_sgd,1,grayscale,grayscale,,6149,0.3758334688567247,0.3362589212635134,0.3927840067166838
flowers102,resnet50_sgd,1,hue_-0.500,hue,-0.5,6149,0.3847780126849894,0.3562042662524285,0.4004284223516762
flowers102,resnet50_sgd,1,hue_-0.250,hue,-0.25,6149,0.3982761424621889,0.3648092874193077,0.4080344847215666
flowers102,resnet50_sgd,1,hue_-0.083,hue,-0.083,6149,0.6622214994308018,0.6486478820947293,0.6830067784782173
flowers102,resnet50_sgd,1,hue_+0.083,hue,0.083,6149,0.6331110749715401,0.6371028727013892,0.6675915007272425
flowers102,resnet50_sgd,1,hue_+0.250,hue,0.25,6149,0.4005529354366564,0.3876194677364657,0.4173182198600894
flowers102,resnet50_sgd,1,hue_+0.500,hue,0.5,6149,0.3847780126849894,0.3562677240025623,0.4004284223516762
flowers102,resnet50_sgd,1,shuffle_021,shuffle,"(0, 2, 1)",6149,0.4953651000162628,0.4569871618463609,0.4981958861222885
flowers102,resnet50_sgd,1,shuffle_102,shuffle,"(1, 0, 2)",6149,0.5324442998861604,0.5195899717022017,0.5672352426868441
flowers102,resnet50_sgd,1,shuffle_120,shuffle,"(1, 2, 0)",6149,0.3704667425597658,0.3265713475435664,0.3753426220403038
flowers102,resnet50_sgd,1,shuffle_201,shuffle,"(2, 0, 1)",6149,0.4010408196454708,0.3799520200150386,0.4186072458879326
flowers102,resnet50_sgd,1,shuffle_210,shuffle,"(2, 1, 0)",6149,0.4353553423320865,0.4168582556580077,0.4639113060375587
flowers102,resnet50_sgd,1,quant_2,quant,2,6149,0.2166205887136119,0.2039611122672816,0.2157010163511497
flowers102,resnet50_sgd,1,quant_4,quant,4,6149,0.4903236298585136,0.4924541085001424,0.5150534284473341
flowers102,resnet50_sgd,1,quant_8,quant,8,6149,0.6360383802244267,0.6289314445716062,0.6636950527647171
flowers102,resnet50_sgd,1,quant_16,quant,16,6149,0.7119856887298748,0.7093195662263374,0.7461244369124949
flowers102,resnet50_sgd,2,clean,clean,0,6149,0.7565457798015938,0.7491021868145072,0.7889281402811253
flowers102,resnet50_sgd,2,grayscale,grayscale,,6149,0.3683525776549032,0.314219280248624,0.3894235960926047
flowers102,resnet50_sgd,2,hue_-0.500,hue,-0.5,6149,0.4028297284111237,0.3533030110266841,0.4090929891505441
flowers102,resnet50_sgd,2,hue_-0.250,hue,-0.25,6149,0.3748577004390958,0.3249664986426566,0.3849323085192936
flowers102,resnet50_sgd,2,hue_-0.083,hue,-0.083,6149,0.6174987802894779,0.6074942382176145,0.644984973403408
flowers102,resnet50_sgd,2,hue_+0.083,hue,0.083,6149,0.6168482680110587,0.6202061408528331,0.6447391075239094
flowers102,resnet50_sgd,2,hue_+0.250,hue,0.25,6149,0.4112863880305741,0.3930298290162911,0.415391094994321
flowers102,resnet50_sgd,2,hue_+0.500,hue,0.5,6149,0.4028297284111237,0.3533033444506581,0.4090929891505441
flowers102,resnet50_sgd,2,shuffle_021,shuffle,"(0, 2, 1)",6149,0.4683688404618637,0.420916670287273,0.4749229563834184
flowers102,resnet50_sgd,2,shuffle_102,shuffle,"(1, 0, 2)",6149,0.5472434542201984,0.5382226186011057,0.5731923437558973
flowers102,resnet50_sgd,2,shuffle_120,shuffle,"(1, 2, 0)",6149,0.3585948934786144,0.2988006882150594,0.3682977347987545
flowers102,resnet50_sgd,2,shuffle_201,shuffle,"(2, 0, 1)",6149,0.3953488372093023,0.3708992616490333,0.3960856247187452
flowers102,resnet50_sgd,2,shuffle_210,shuffle,"(2, 1, 0)",6149,0.3973003740445601,0.3590514279688508,0.4184155512509395
flowers102,resnet50_sgd,2,quant_2,quant,2,6149,0.2597170271588876,0.2629291486511784,0.2657629883736147
flowers102,resnet50_sgd,2,quant_4,quant,4,6149,0.4852821597007643,0.5073149167290743,0.5137164796223599
flowers102,resnet50_sgd,2,quant_8,quant,8,6149,0.6501870222800455,0.6594412319538836,0.6901304463693593
flowers102,resnet50_sgd,2,quant_16,quant,16,6149,0.721418116766954,0.7208284305312452,0.7620382028618735
flowers102,resnet50_sgd,3,clean,clean,0,6149,0.7794763376158725,0.7675778805075523,0.7988536782893939
flowers102,resnet50_sgd,3,grayscale,grayscale,,6149,0.4280370791998699,0.3905419687580186,0.436339566335699
flowers102,resnet50_sgd,3,hue_-0.500,hue,-0.5,6149,0.384290128476175,0.3704724763493654,0.4083918075677009
flowers102,resnet50_sgd,3,hue_-0.250,hue,-0.25,6149,0.4080338266384778,0.3801713418383028,0.4185110216289754
flowers102,resnet50_sgd,3,hue_-0.083,hue,-0.083,6149,0.6669377134493414,0.6447694076634768,0.679802701973243
flowers102,resnet50_sgd,3,hue_+0.083,hue,0.083,6149,0.6441697837046674,0.6348916035947234,0.6604021104628913
flowers102,resnet50_sgd,3,hue_+0.250,hue,0.25,6149,0.4160026020491136,0.3859711262726721,0.4171988630235883
flowers102,resnet50_sgd,3,hue_+0.500,hue,0.5,6149,0.384290128476175,0.3704724763493654,0.4083918075677009
flowers102,resnet50_sgd,3,shuffle_021,shuffle,"(0, 2, 1)",6149,0.5182956578305415,0.4889517156734086,0.5262468454316733
flowers102,resnet50_sgd,3,shuffle_102,shuffle,"(1, 0, 2)",6149,0.5700113839648724,0.5393045549327676,0.587692337035924
flowers102,resnet50_sgd,3,shuffle_120,shuffle,"(1, 2, 0)",6149,0.3854285249634087,0.3473676199705297,0.3888638654091335
flowers102,resnet50_sgd,3,shuffle_201,shuffle,"(2, 0, 1)",6149,0.3740445600910717,0.3397846360993938,0.3728061111087969
flowers102,resnet50_sgd,3,shuffle_210,shuffle,"(2, 1, 0)",6149,0.4025044722719141,0.3837004048959437,0.419753328514644
flowers102,resnet50_sgd,3,quant_2,quant,2,6149,0.3036266059521873,0.2921715323586065,0.3019811402500723
flowers102,resnet50_sgd,3,quant_4,quant,4,6149,0.5129289315335827,0.524120912548647,0.5318243727925678
flowers102,resnet50_sgd,3,quant_8,quant,8,6149,0.6537648398113515,0.6436117939282949,0.6698276745062133
flowers102,resnet50_sgd,3,quant_16,quant,16,6149,0.7279232395511466,0.7161199944942446,0.746621437363905
flowers102,resnet50_sgd,4,clean,clean,0,6149,0.763376158724996,0.7529117810664391,0.7922061249610631
flowers102,resnet50_sgd,4,grayscale,grayscale,,6149,0.370304114490161,0.32460973894046996,0.39653762664990583
flowers102,resnet50_sgd,4,hue_-0.500,hue,-0.5,6149,0.4493413563181005,0.4114146760116812,0.455144783328262
flowers102,resnet50_sgd,4,hue_-0.250,hue,-0.25,6149,0.4116116441697837,0.3776907073962586,0.424712779275998
flowers102,resnet50_sgd,4,hue_-0.083,hue,-0.083,6149,0.6648235485444788,0.6540725818879247,0.6889104463091928
flowers102,resnet50_sgd,4,hue_+0.083,hue,0.083,6149,0.6433566433566433,0.6344442813742778,0.6628780540299866
flowers102,resnet50_sgd,4,hue_+0.250,hue,0.25,6149,0.44234834932509354,0.4116930428165507,0.44323173361454354
flowers102,resnet50_sgd,4,hue_+0.500,hue,0.5,6149,0.4493413563181005,0.4114146760116812,0.455144783328262
flowers102,resnet50_sgd,4,shuffle_021,shuffle,"(0, 2, 1)",6149,0.5036591315661083,0.4762473324057818,0.5169776367003456
flowers102,resnet50_sgd,4,shuffle_102,shuffle,"(1, 0, 2)",6149,0.6031875101642543,0.5748790792369689,0.6178122458341505
flowers102,resnet50_sgd,4,shuffle_120,shuffle,"(1, 2, 0)",6149,0.4124247845178078,0.370734869647215,0.42638235995754853
flowers102,resnet50_sgd,4,shuffle_201,shuffle,"(2, 0, 1)",6149,0.4444625142299561,0.41304907074773617,0.44405584682547394
flowers102,resnet50_sgd,4,shuffle_210,shuffle,"(2, 1, 0)",6149,0.43779476337615875,0.4136110596359865,0.4583719335911012
flowers102,resnet50_sgd,4,quant_2,quant,2,6149,0.2767929744673931,0.28500118003798397,0.29455177850367953
flowers102,resnet50_sgd,4,quant_4,quant,4,6149,0.46397788258253375,0.4878495444188945,0.49002078632725826
flowers102,resnet50_sgd,4,quant_8,quant,8,6149,0.6443324117742723,0.6447930269413916,0.6730662181324212
flowers102,resnet50_sgd,4,quant_16,quant,16,6149,0.7129614571475037,0.7054588505693039,0.7426897029524536
